"mat_no","textile_identifier","textile_name","text_source","title_other","textile_color_visual","textile_pattern_visual","textile_process_visual","textile_weave_visual","textile_fiber_visual","textile_geography_catalogue","textile_quality_visual","thread_count","addtl_info","collection","id_narrative","id_no","catalogue_url","catalogue_url_image","image_url_app","orig_loc_port_catalogue","orig_loc_region_catalogue","orig_date","image_filename_orig","image_filename_app","notes"
"mat_0170","chintzkalamkari_006","chintz/kalamkari","","chintz","white, red","floral","block printed, painted","plainweave","cotton","India","","","","Victoria and Albert Museum","Acc. nr. IS.54-1950","IS.54-1950","http://collections.vam.ac.uk/item/O73115/textile-unknown/","","","","India","18th century","VAIS.54.1950.jpg","mat_170.jpg",""
"mat_0002","noDTTPdata_01","","","","red, black","geometric","block printed, resist-dyed","plainweave","cotton","India","","","","Art Institute of Chicago","Acc. nr. 2015.59","2015.59","https://www.artic.edu/artworks/220754/heirloom-textile","","","","India","1600-1800","AIC2015.590.jpg","mat_002.jpg",""
"mat_0202","hammans_01","hammans","hamans donkerblauw","","blue (dark blue)","plain","piece-dyed","","","","","","From Japanese requests (Eisen) to the VOC","Nationaal Archief, Deshima, ""Japanse Eisen"", 1.04.21, 1409","Scan 24","","","https://www.nationaalarchief.nl/onderzoeken/archief/1.04.21/invnr/1409/file/NL-HaNA_1.04.21_1409_24","","","","1813","NL-HaNA_1.04.21_1409_24-D","mat_202.jpeg",""
"mat_0227","laken_01","laken","laken schairood","","red (scarlet)","plain","piece-dyed","","","","","","From Japanese requests (Eisen) to the VOC","Nationaal Archief, Deshima, ""Japanse Eisen"", 1.04.21, 1412","Scan 55","","","https://www.nationaalarchief.nl/onderzoeken/archief/1.04.21/invnr/1412/file/NL-HaNA_1.04.21_1412_55","","","","1819","NL-HaNA_1.04.21_1412_55-A","mat_227.jpeg",""
"mat_0228","laken_02","laken","laken zwart","","black","plain","piece-dyed","","","","","","From Japanese requests (Eisen) to the VOC","Nationaal Archief, Deshima, ""Japanse Eisen"", 1.04.21, 1412","Scan 55","","","https://www.nationaalarchief.nl/onderzoeken/archief/1.04.21/invnr/1412/file/NL-HaNA_1.04.21_1412_55","","","","1819","NL-HaNA_1.04.21_1412_55-B","mat_228.jpeg",""
"mat_0229","laken_03","laken","laken groen olijf","","green (olive)","plain","piece-dyed","","","","","","From Japanese requests (Eisen) to the VOC","Nationaal Archief, Deshima, ""Japanse Eisen"", 1.04.21, 1412","Scan 55","","","https://www.nationaalarchief.nl/onderzoeken/archief/1.04.21/invnr/1412/file/NL-HaNA_1.04.21_1412_55","","","","1819","NL-HaNA_1.04.21_1412_55-C","mat_229.jpeg",""
"mat_0230","laken_04","laken","laken blaauw","","blue","plain","piece-dyed","","","","","","From Japanese requests (Eisen) to the VOC","Nationaal Archief, Deshima, ""Japanse Eisen"", 1.04.21, 1412","Scan 55","","","https://www.nationaalarchief.nl/onderzoeken/archief/1.04.21/invnr/1412/file/NL-HaNA_1.04.21_1412_55","","","","1819","NL-HaNA_1.04.21_1412_55-D","mat_230.jpeg",""
"mat_0271","laken_05","laken","lakenschairood","","red (scarlet)","plain","piece-dyed","","","","","","From Japanese requests (Eisen) to the VOC","Nationaal Archief, Deshima, ""Japanse Eisen"", 1.04.21, 1413","Scan 2","","","https://www.nationaalarchief.nl/onderzoeken/archief/1.04.21/invnr/1413/file/NL-HaNA_1.04.21_1413_02","","","","1820","NL-HaNA_1.04.21_1413_02-A","mat_271.jpeg",""
"mat_0272","perpetuanen_05","perpetuanen","wolle stoffen (perpetuanen and kroon rassen)","","blue","plain","piece-dyed","","wool","","","","From Japanese requests (Eisen) to the VOC","Nationaal Archief, Deshima, ""Japanse Eisen"", 1.04.21, 1413","Scan 2","","","https://www.nationaalarchief.nl/onderzoeken/archief/1.04.21/invnr/1413/file/NL-HaNA_1.04.21_1413_02","","","","1820","NL-HaNA_1.04.21_1413_02-B","mat_272.jpeg",""
"mat_0283","dherrijs_02","dherrijs","dherryse zyde","","red","plain","piece-dyed","","silk","","","","From Japanese requests (Eisen) to the VOC","Nationaal Archief, Deshima, ""Japanse Eisen"", 1.04.21, 1414A","Scan 16","","","https://www.nationaalarchief.nl/onderzoeken/archief/1.04.21/invnr/1414A/file/NL-HaNA_1.04.21_1414A_16","","","","1821","NL-HaNA_1.04.21_1414A_16-A","mat_283.jpeg",""
"mat_0296","saai_03","saai","zaaij geglanzde res (?)","","black","plain","piece-dyed","","","","","","From Japanese requests (Eisen) to the VOC","Nationaal Archief, Deshima, ""Japanse Eisen"", 1.04.21, 1416A","Scan 67","","","https://www.nationaalarchief.nl/onderzoeken/archief/1.04.21/invnr/1416A/file/NL-HaNA_1.04.21_1416A_67","","","","1823","NL-HaNA_1.04.21_1416A_67-A","mat_296.jpeg","unclear whether the caption applies to the swatch"
"mat_0304","laken_06","laken","laken met zwart breede rand","","black","plain","piece-dyed","","","","","","From Japanese requests (Eisen) to the VOC","Nationaal Archief, Deshima, ""Japanse Eisen"", 1.04.21, 1422","Scan 32","","","https://www.nationaalarchief.nl/onderzoeken/archief/1.04.21/invnr/1422/file/NL-HaNA_1.04.21_1422_32","","","","1829","NL-HaNA_1.04.21_1422_32-A","mat_304.jpeg",""
"mat_0305","lakenrassen_01","lakenrassen","lakenrassen","","purple","plain","piece-dyed","","","","","","From Japanese requests (Eisen) to the VOC","Nationaal Archief, Deshima, ""Japanse Eisen"", 1.04.21, 1422","Scan 32","","","https://www.nationaalarchief.nl/onderzoeken/archief/1.04.21/invnr/1422/file/NL-HaNA_1.04.21_1422_32","","","","1829","NL-HaNA_1.04.21_1422_32-B","mat_305.jpeg",""
"mat_0306","lakenrassen_02","lakenrassen","lakenrassen","","black","plain","piece-dyed","","","","","","From Japanese requests (Eisen) to the VOC","Nationaal Archief, Deshima, ""Japanse Eisen"", 1.04.21, 1422","Scan 32","","","https://www.nationaalarchief.nl/onderzoeken/archief/1.04.21/invnr/1422/file/NL-HaNA_1.04.21_1422_32","","","","1829","NL-HaNA_1.04.21_1422_32-C","mat_306.jpeg",""
"mat_0307","perpetuanen_03","perpetuanen","perpetuanen","","black","plain","piece-dyed","","","","","","From Japanese requests (Eisen) to the VOC","Nationaal Archief, Deshima, ""Japanse Eisen"", 1.04.21, 1422","Scan 33","","","https://www.nationaalarchief.nl/onderzoeken/archief/1.04.21/invnr/1422/file/NL-HaNA_1.04.21_1422_33","","","","1829","NL-HaNA_1.04.21_1422_33-A","mat_307.jpeg",""
"mat_0308","perpetuanen_04","perpetuanen","perpetuanen","","red","plain","piece-dyed","twill","","","","","From Japanese requests (Eisen) to the VOC","Nationaal Archief, Deshima, ""Japanse Eisen"", 1.04.21, 1422","Scan 33","","","https://www.nationaalarchief.nl/onderzoeken/archief/1.04.21/invnr/1422/file/NL-HaNA_1.04.21_1422_33","","","","1829","NL-HaNA_1.04.21_1422_33-B","mat_308.jpeg",""
"mat_0314","lijnwaad_02","lijnwaad","katoen lijnwaad, eerste soort","","brown","plain","piece-dyed","twill","cotton","","","","From Japanese requests (Eisen) to the VOC","Nationaal Archief, Deshima, ""Japanse Eisen"", 1.04.21, 1422","Scan 36","","","https://www.nationaalarchief.nl/onderzoeken/archief/1.04.21/invnr/1422/file/NL-HaNA_1.04.21_1422_36","","","","1829","NL-HaNA_1.04.21_1422_36-A","mat_314.jpeg",""
"mat_0315","lijnwaad_03","lijnwaad","katoen lijnwaad, eerste soort","","blue","plain","piece-dyed","twill","cotton","","","","From Japanese requests (Eisen) to the VOC","Nationaal Archief, Deshima, ""Japanse Eisen"", 1.04.21, 1422","Scan 36","","","https://www.nationaalarchief.nl/onderzoeken/archief/1.04.21/invnr/1422/file/NL-HaNA_1.04.21_1422_36","","","","1829","NL-HaNA_1.04.21_1422_36-B","mat_315.jpeg",""
"mat_0168","noDTTPdata_07","","","","white","floral","embroidered","plainweave","cotton, silk","Gujarat","","","","Victoria and Albert Museum","Acc. nr. IS.141-1954","IS.141-1954","http://collections.vam.ac.uk/item/O63176/textile-unknown/","","","Gujarat","India","early 18th century","VAIS.141.1954.jpg","mat_168.jpg",""
"mat_0171","muslin_01","muslins","","muslin jama","white, gold","geometric","embroidered","plainweave","cotton","India","","","","Victoria and Albert Museum","Acc. nr. IS.8-1968","IS.8-1968","http://collections.vam.ac.uk/item/O144142/jama-unknown/","","","","India","18th century","VAIS.8.1968.jpg","mat_171.jpg",""
"mat_0006","nickanees_01","nickanees","nicanees red","","blue, white, red","striped","loom-patterned","plainweave","cotton","","","","East Indian textiles samples, purchased in London, from the collection of the Danish Trade Company for Manufactures","Denmark Rigsarkivet, Den Kongelige Dansk Manufakturhandel, 379: Diverse ostindiske klædevareprøver, 1788-1817","Scans 10-11","10-11","scanned image","https://www.sa.dk/ao-soegesider/da/billedviser?epid=23157380#511608,89149923","","","","1820s","DRA379-11-nicanees.jpg","mat_006.jpg",""
"mat_0007","chelas_01","chelas","chellies","","blue, white","checkered","loom-patterned","plainweave","cotton","","","","East Indian textiles samples, purchased in London, from the collection of the Danish Trade Company for Manufactures","Denmark Rigsarkivet, Den Kongelige Dansk Manufakturhandel, 379: Diverse ostindiske klædevareprøver, 1788-1817","Scans 12-13","12-13","scanned image","https://www.sa.dk/ao-soegesider/da/billedviser?epid=23157380#511608,89149925","","","","1820s","DRA379-13-chellies.jpeg","mat_007.jpeg",""
"mat_0008","bejutapauts_01","bejutapauts","bedjutapaats","","blue, white, red","checkered","loom-patterned","plainweave","cotton","","","","East Indian textiles samples, purchased in London, from the collection of the Danish Trade Company for Manufactures","Denmark Rigsarkivet, Den Kongelige Dansk Manufakturhandel, 379: Diverse ostindiske klædevareprøver, 1788-1817","Scans 14-15","14-15","scanned image","https://www.sa.dk/ao-soegesider/da/billedviser?epid=23157380#511608,89149927","","","","1820s","DRA379-15-bejutapats.jpeg","mat_008.jpeg",""
"mat_0003","roemaals_01","roemaals","cotton romals","","blue, black","checkered","loom-patterned","plainweave","cotton","","","","Sample book manufactured by John Philips & Co","Cooper Hewitt, Smithsonian Design Museum","Acc. nr. 1936-46-1, sample 1","1936-46-1, 1","https://collection.cooperhewitt.org/objects/18343563/with-image-222741/","","","","","1787-1803","CH1988-56-1,1.jpg","mat_003.jpg",""
"mat_0004","muslin_neusdoeken_01","muslin, neusdoeken","silk g muslin handfs","","white, blue","checkered","loom-patterned","plainweave","silk","","","","Sample book manufactured by John Philips & Co","Cooper Hewitt, Smithsonian Design Museum","Acc. nr. 1936-46-1, sample 203","1936-46-1, 203","https://collection.cooperhewitt.org/objects/18343563/with-image-222826/","","","","","1787-1803","CH1988-56-1,8.jpg","mat_004.jpg",""
"mat_0005","roemaals_02","roemaals","silk + cotton romals","","white, blue","checkered","loom-patterned","plainweave","cotton, silk","","","","Sample book manufactured by John Philips & Co","Cooper Hewitt, Smithsonian Design Museum","Acc. nr. 1936-46-1, sample 8","1936-46-1, 8","https://collection.cooperhewitt.org/objects/18343563/with-image-223065/","","","","","1787-1803","CH1988-56-1,203.jpg","mat_005.jpg",""
"mat_0012","sacerguntes_noDTTPdata_01","sacerguntes","sastracundies","","red, white, blue","checkered","loom-patterned","plainweave","cotton","","","","East Indian textiles samples, purchased in London, from the collection of the Danish Trade Company for Manufactures","Denmark Rigsarkivet, Den Kongelige Dansk Manufakturhandel, 379: Diverse ostindiske klædevareprøver, 1788-1817","Scans 22-23","22-23","scanned image","https://www.sa.dk/ao-soegesider/da/billedviser?epid=23157380#511608,89149935","","","","1820s","DRA379-23-sastracundies.jpeg","mat_012.jpeg",""
"mat_0013","gingham_01","gingham","ginghams","","red, white","checkered","loom-patterned","plainweave","cotton","","","","East Indian textiles samples, purchased in London, from the collection of the Danish Trade Company for Manufactures","Denmark Rigsarkivet, Den Kongelige Dansk Manufakturhandel, 379: Diverse ostindiske klædevareprøver, 1788-1817","Scans 24-25","24-25","scanned image","https://www.sa.dk/ao-soegesider/da/billedviser?epid=23157380#511608,89149937","","","","1820s","DRA379-25-gingham.jpeg","mat_013.jpeg",""
"mat_0015","danes_noDTTPdata_01","danes","blue danes","","blue, red, white","checkered","loom-patterned","plainweave","cotton","","","","East Indian textiles samples, purchased in London, from the collection of the Danish Trade Company for Manufactures","Denmark Rigsarkivet, Den Kongelige Dansk Manufakturhandel, 379: Diverse ostindiske klædevareprøver, 1788-1817","Scans 28-29","28-29","scanned image","https://www.sa.dk/ao-soegesider/da/billedviser?epid=23157380#511608,89149941","","","","1820s","DRA379-29-blue danes.jpeg","mat_015.jpeg",""
"mat_0016","danes_noDTTPdata_02","danes","glasgow danes","","blue, red, white","checkered","loom-patterned","plainweave","cotton","Glasgow","","","East Indian textiles samples, purchased in London, from the collection of the Danish Trade Company for Manufactures","Denmark Rigsarkivet, Den Kongelige Dansk Manufakturhandel, 379: Diverse ostindiske klædevareprøver, 1788-1817","Scans 30-31","30-31","scanned image","https://www.sa.dk/ao-soegesider/da/billedviser?epid=23157380#511608,89149943","","","","1820s","DRA379-31-glasgow danes.jpeg","mat_016.jpeg",""
"mat_0017","danes_noDTTPdata_03","danes","antipo danes","","red, blue, white","checkered","loom-patterned","plainweave","cotton","","","","East Indian textiles samples, purchased in London, from the collection of the Danish Trade Company for Manufactures","Denmark Rigsarkivet, Den Kongelige Dansk Manufakturhandel, 379: Diverse ostindiske klædevareprøver, 1788-1817","Scans 32-33","32-33","scanned image","https://www.sa.dk/ao-soegesider/da/billedviser?epid=23157380#511608,89149945","","","","1820s","DRA379-33-antipo danes.jpeg","mat_017.jpeg",""
"mat_0018","tomcoffees_noDTTPdata_01","","tom coffees","","red, blue, white","checkered","loom-patterned","plainweave","cotton","","","","East Indian textiles samples, purchased in London, from the collection of the Danish Trade Company for Manufactures","Denmark Rigsarkivet, Den Kongelige Dansk Manufakturhandel, 379: Diverse ostindiske klædevareprøver, 1788-1817","Scans 34-35","34-35","scanned image","https://www.sa.dk/ao-soegesider/da/billedviser?epid=23157380#511608,89149947","","","","1820s","DRA379-35-tom coffees.jpeg","mat_018.jpeg",""
"mat_0020","roemaals_03","roemaals","romals brown","","white, red, blue","checkered","loom-patterned","plainweave","cotton","","","","East Indian textiles samples, purchased in London, from the collection of the Danish Trade Company for Manufactures","Denmark Rigsarkivet, Den Kongelige Dansk Manufakturhandel, 379: Diverse ostindiske klædevareprøver, 1788-1817","Scans 38-39","38-39","scanned image","https://www.sa.dk/ao-soegesider/da/billedviser?epid=23157380#511608,89149951","","","","1820s","DRA379-39-rumals.jpeg","mat_020.jpeg",""
"mat_0021","neusdoeken_02","neusdoeken","muschuar","","white, blue","checkered","loom-patterned","plainweave","cotton","","","","East Indian textiles samples, purchased in London, from the collection of the Danish Trade Company for Manufactures","Denmark Rigsarkivet, Den Kongelige Dansk Manufakturhandel, 379: Diverse ostindiske klædevareprøver, 1788-1817","Scans 40-41","40-41","scanned image","https://www.sa.dk/ao-soegesider/da/billedviser?epid=23157380#511608,89149953","","","","1820s","DRA379-41-muschuar.jpeg","mat_021.jpeg",""
"mat_0060","gingham_02","gingham","cutslies eller ordinaire gingang","","blue, white","striped","loom-patterned","plainweave","cotton","","","","Sample book from Danish Guinea, with swatches and notes","Denmark Rigsarkivet, Vestindisk-Guineisk Kompagni, Direktionen, Breve og dokumenter fra Guinea, 1722-1731","Scan 77, sample 1","77-1","scanned image","https://www.sa.dk/ao-soegesider/da/billedviser?epid=20202279#292914,59112921","","","","1727","Denmark-Guinea-77-1 gingang-mk.jpeg","mat_060.jpeg","some of the white threads might be doubled, but it's hard to tell"
"mat_0061","gingham_03","gingham","bombay stuff eller silke gingang","","blue, white, yellow","striped","loom-patterned","plainweave","cotton, silk","Bombay","","","Sample book from Danish Guinea, with swatches and notes","Denmark Rigsarkivet, Vestindisk-Guineisk Kompagni, Direktionen, Breve og dokumenter fra Guinea, 1722-1731","Scan 77, sample 2","77-2","scanned image","https://www.sa.dk/ao-soegesider/da/billedviser?epid=20202279#292914,59112921","","","","1727","Denmark-Guinea-77-2 Bombay stuff-mk.jpeg","mat_061.jpeg","the white and yellow threads might be silk"
"mat_0062","bulangs_01","bulangs","boulangs","","blue, blue (light), white","checkered","loom-patterned","plainweave","cotton","","","","Sample book from Danish Guinea, with swatches and notes","Denmark Rigsarkivet, Vestindisk-Guineisk Kompagni, Direktionen, Breve og dokumenter fra Guinea, 1722-1731","Scan 77, sample 3","77-3","scanned image","https://www.sa.dk/ao-soegesider/da/billedviser?epid=20202279#292914,59112921","","","","1727","Denmark-Guinea-77-3 Boulangs-mk.jpeg","mat_062.jpeg",""
"mat_0063","nickanees_02","nickanees","stoore neconnes","","blue, white","striped","loom-patterned","plainweave","cotton","","","","Sample book from Danish Guinea, with swatches and notes","Denmark Rigsarkivet, Vestindisk-Guineisk Kompagni, Direktionen, Breve og dokumenter fra Guinea, 1722-1731","Scan 77, sample 4","77-4","scanned image","https://www.sa.dk/ao-soegesider/da/billedviser?epid=20202279#292914,59112921","","","","1727","Denmark-Guinea-77-4 large nikonees-mk.jpeg","mat_063.jpeg",""
"mat_0064","taffachelas_01","taffachelas","topseil","","blue, white, red, green","striped","loom-patterned","plainweave with doubled threads","cotton","","","","Sample book from Danish Guinea, with swatches and notes","Denmark Rigsarkivet, Vestindisk-Guineisk Kompagni, Direktionen, Breve og dokumenter fra Guinea, 1722-1731","Scan 78, sample 1","78-1","scanned image","https://www.sa.dk/ao-soegesider/da/billedviser?epid=20202279#292914,59112922","","","","1727","Denmark-Guinea-78-1 topseilles-mk.jpeg","mat_064.jpeg","some of the threads are doubled in the warp"
"mat_0065","patola_susli_01","patola, susli","susli eller patula","","white, red, yellow, black","checkered","loom-patterned","plainweave","cotton, silk","","","","Sample book from Danish Guinea, with swatches and notes","Denmark Rigsarkivet, Vestindisk-Guineisk Kompagni, Direktionen, Breve og dokumenter fra Guinea, 1722-1731","Scan 78, sample 2","78-2","scanned image","https://www.sa.dk/ao-soegesider/da/billedviser?epid=20202279#292914,59112922","","","","1727","Denmark-Guinea-78-2 patula-mk.jpeg","mat_065.jpeg","yellow is silk, maybe also the black and red"
"mat_0066","patola_susli_02","patola, susli","susli or patula","","white, red, yellow, black","checkered","loom-patterned","plainweave","cotton, silk","","","","Sample book from Danish Guinea, with swatches and notes","Denmark Rigsarkivet, Vestindisk-Guineisk Kompagni, Direktionen, Breve og dokumenter fra Guinea, 1722-1731","Scan 78, sample 3","78-3","scanned image","https://www.sa.dk/ao-soegesider/da/billedviser?epid=20202279#292914,59112922","","","","1727","Denmark-Guinea-78-3 patula-mk.jpeg","mat_066.jpeg","yellow is silk, maybe also the black and red"
"mat_0067","pinasse_01","pinasse","pinnas","","brown, white, black, yellow, red","striped","loom-patterned","plainweave","cotton, silk","","","","Sample book from Danish Guinea, with swatches and notes","Denmark Rigsarkivet, Vestindisk-Guineisk Kompagni, Direktionen, Breve og dokumenter fra Guinea, 1722-1731","Scan 78, sample 4","78-4","scanned image","https://www.sa.dk/ao-soegesider/da/billedviser?epid=20202279#292914,59112922","","","","1727","Denmark-Guinea-78-4 pinasse-mk.jpeg","mat_067.jpeg","yellow and red warp is silk, maybe also black, brown weft, possible selvedge"
"mat_0068","longels_noDTTPdata_01","","longels","","blue, black","plain","loom-patterned","twill?","","","","","Sample book from Danish Guinea, with swatches and notes","Denmark Rigsarkivet, Vestindisk-Guineisk Kompagni, Direktionen, Breve og dokumenter fra Guinea, 1722-1731","Scan 78, sample 5","78-5","scanned image","https://www.sa.dk/ao-soegesider/da/billedviser?epid=20202279#292914,59112922","","","","1727","Denmark-Guinea-78-5 longels-mk.jpeg","mat_068.jpeg","hard to tell even on the magnification if it's twill. Likely felted"
"mat_0074","charadaries_neganipauts_01","charadaries, neganipauts","ordinair cherideries or neganepauts","","blue, white, red, yellow","checkered","loom-patterned","plainweave with doubled threads","cotton","","","","Sample book from Danish Guinea, with swatches and notes","Denmark Rigsarkivet, Vestindisk-Guineisk Kompagni, Direktionen, Breve og dokumenter fra Guinea, 1722-1731","Scan 79, sample 4","79-4","scanned image","https://www.sa.dk/ao-soegesider/da/billedviser?epid=20202279#292914,59112923","","","","1727","Denmark-Guinea-79-4 cherideries neganapauts-mk.jpeg","mat_074.jpeg","yellow theads are doubled"
"mat_0075","bejutapauts_charadaries_01","bejutapauts, charadaries","ordinair cherideries or bajudapauts","","blue, white","checkered","loom-patterned","plainweave","cotton","","","","Sample book from Danish Guinea, with swatches and notes","Denmark Rigsarkivet, Vestindisk-Guineisk Kompagni, Direktionen, Breve og dokumenter fra Guinea, 1722-1731","Scan 79, sample 5","79-5","scanned image","https://www.sa.dk/ao-soegesider/da/billedviser?epid=20202279#292914,59112923","","","","1727","Denmark-Guinea-79-5 cherideries bajeutapauts-mk.jpeg","mat_075.jpeg",""
"mat_0076","charadaries_01","charadaries","compag cherideries","","blue, red, white","striped","loom-patterned","plainweave with doubled threads","cotton","Denmark","","","Sample book from Danish Guinea, with swatches and notes","Denmark Rigsarkivet, Vestindisk-Guineisk Kompagni, Direktionen, Breve og dokumenter fra Guinea, 1722-1731","Scan 79, sample 6","79-6","scanned image","https://www.sa.dk/ao-soegesider/da/billedviser?epid=20202279#292914,59112923","","","","1727","Denmark-Guinea-79-6 company cherideries-mk.jpeg","mat_076.jpeg","vertical white threads are doubled"
"mat_0077","charadaries_02","charadaries","compag cherideries","","blue, natural, white","striped","loom-patterned","plainweave with doubled threads","cotton","Denmark","","","Sample book from Danish Guinea, with swatches and notes","Denmark Rigsarkivet, Vestindisk-Guineisk Kompagni, Direktionen, Breve og dokumenter fra Guinea, 1722-1731","Scan 79, sample 7","79-7","scanned image","https://www.sa.dk/ao-soegesider/da/billedviser?epid=20202279#292914,59112923","","","","1727","Denmark-Guinea-79-7 company cherideries-mk.jpeg","mat_077.jpeg","vertical white threads are doubled"
"mat_0078","brawles_photaes_01","brawles, photaes","storre broulis eller photassen","","blue, white","checkered","loom-patterned","plainweave","cotton","","","","Sample book from Danish Guinea, with swatches and notes","Denmark Rigsarkivet, Vestindisk-Guineisk Kompagni, Direktionen, Breve og dokumenter fra Guinea, 1722-1731","Scan 79, sample 8","79-8","scanned image","https://www.sa.dk/ao-soegesider/da/billedviser?epid=20202279#292914,59112923","","","","1727","Denmark-Guinea-79-8 broules-mk.jpeg","mat_078.jpeg",""
"mat_0079","brawles_photaes_02","brawles, photaes","silke photes eller broulis","","blue, white, red","checkered","loom-patterned","plainweave","cotton, silk","","","","Sample book from Danish Guinea, with swatches and notes","Denmark Rigsarkivet, Vestindisk-Guineisk Kompagni, Direktionen, Breve og dokumenter fra Guinea, 1722-1731","Scan 80, sample 1","80-1","scanned image","https://www.sa.dk/ao-soegesider/da/billedviser?epid=20202279#292914,59112924","","","","1727","Denmark-Guinea-80-1 photees broulis-mk.jpeg","mat_079.jpeg","some of the red could be silk"
"mat_0080","seersuckers_01","seersuckers","syrsock","","white, natural","striped","loom-patterned","plainweave","cotton, silk","","","","Sample book from Danish Guinea, with swatches and notes","Denmark Rigsarkivet, Vestindisk-Guineisk Kompagni, Direktionen, Breve og dokumenter fra Guinea, 1722-1731","Scan 80, sample 2","80-2","scanned image","https://www.sa.dk/ao-soegesider/da/billedviser?epid=20202279#292914,59112924","","","","1727","Denmark-Guinea-80-2 seersuck-mk.jpeg","mat_080.jpeg","natural has a shine so is silk"
"mat_0081","tepoy_01","tepoy","engelsche tepays","","red, white","striped","loom-patterned","plainweave","cotton, silk","","","","Sample book from Danish Guinea, with swatches and notes","Denmark Rigsarkivet, Vestindisk-Guineisk Kompagni, Direktionen, Breve og dokumenter fra Guinea, 1722-1731","Scan 80, sample 3","80-3","scanned image","https://www.sa.dk/ao-soegesider/da/billedviser?epid=20202279#292914,59112924","","","","1727","Denmark-Guinea-80-3 English Tepays-mk.jpeg","mat_081.jpeg","red and white silk warp, white cotton weft"
"mat_0082","tepoy_02","tepoy","compag tepays","","red, white, gold","striped","loom-patterned","plainweave","cotton, silk","Denmark","","","Sample book from Danish Guinea, with swatches and notes","Denmark Rigsarkivet, Vestindisk-Guineisk Kompagni, Direktionen, Breve og dokumenter fra Guinea, 1722-1731","Scan 81, sample 1","81-1","scanned image","https://www.sa.dk/ao-soegesider/da/billedviser?epid=20202279#292914,59112925","","","","1727","Denmark-Guinea-81-1 company tepays-mk.jpeg","mat_082.jpeg","red, white, gold silk warp, white cotton weft"
"mat_0083","tepoy_03","tepoy","compag tepays","","red, white","striped","loom-patterned","plainweave","cotton, silk","Denmark","","","Sample book from Danish Guinea, with swatches and notes","Denmark Rigsarkivet, Vestindisk-Guineisk Kompagni, Direktionen, Breve og dokumenter fra Guinea, 1722-1731","Scan 81, sample 2","81-2","scanned image","https://www.sa.dk/ao-soegesider/da/billedviser?epid=20202279#292914,59112925","","","","1727","Denmark-Guinea-81-2 company tepays-mk.jpeg","mat_083.jpeg","red and white silk warp, white cotton weft"
"mat_0084","tepoy_04","tepoy","compag tepays","","red, white","striped","loom-patterned","plainweave","cotton, silk","Denmark","","","Sample book from Danish Guinea, with swatches and notes","Denmark Rigsarkivet, Vestindisk-Guineisk Kompagni, Direktionen, Breve og dokumenter fra Guinea, 1722-1731","Scan 81, sample 3","81-3","scanned image","https://www.sa.dk/ao-soegesider/da/billedviser?epid=20202279#292914,59112925","","","","1727","Denmark-Guinea-81-3 company tepays-mk.jpeg","mat_084.jpeg","red and white silk warp, white cotton weft"
"mat_0085","latkes_noDTTPdata_01","latkes","engelsche latkes","","blue, red, white, yellow","checkered","loom-patterned","plainweave","cotton, silk","England","","","Sample book from Danish Guinea, with swatches and notes","Denmark Rigsarkivet, Vestindisk-Guineisk Kompagni, Direktionen, Breve og dokumenter fra Guinea, 1722-1731","Scan 81, sample 4","81-4","scanned image","https://www.sa.dk/ao-soegesider/da/billedviser?epid=20202279#292914,59112925","","","","1727","Denmark-Guinea-81-4 English latkes-mk.jpeg","mat_085.jpeg",""
"mat_0086","latkes_noDTTPdata_02","latkes","compag latkes","","white, red, black, gold","striped","loom-patterned","plainweave","cotton, silk","Denmark","","","Sample book from Danish Guinea, with swatches and notes","Denmark Rigsarkivet, Vestindisk-Guineisk Kompagni, Direktionen, Breve og dokumenter fra Guinea, 1722-1731","Scan 81, sample 5","81-5","scanned image","https://www.sa.dk/ao-soegesider/da/billedviser?epid=20202279#292914,59112925","","","","1727","Denmark-Guinea-81-5 company latkes-mk.jpeg","mat_086.jpeg",""
"mat_0091","brawles_chelas_01","chelloes, brawles","engelsche chelloe broules","","blue, white","checkered","loom-patterned","plainweave","cotton","England","","","Sample book from Danish Guinea, with swatches and notes","Denmark Rigsarkivet, Vestindisk-Guineisk Kompagni, Direktionen, Breve og dokumenter fra Guinea, 1722-1731","Scan 83, sample 2","83-2","scanned image","https://www.sa.dk/ao-soegesider/da/billedviser?epid=20202279#292914,59112927","","","","1727","Denmark-Guinea-83-2 English chello broulis-mk.jpeg","mat_091.jpeg",""
"mat_0092","salempores_03","salempores","engelsche calempores","","red, white","checkered","loom-patterned","plainweave","cotton","England","","","Sample book from Danish Guinea, with swatches and notes","Denmark Rigsarkivet, Vestindisk-Guineisk Kompagni, Direktionen, Breve og dokumenter fra Guinea, 1722-1731","Scan 84, sample 1","84-1","scanned image","https://www.sa.dk/ao-soegesider/da/billedviser?epid=20202279#292914,59112928","","","","1727","Denmark-Guinea-84-1 English Calemporis-mk.jpeg","mat_092.jpeg",""
"mat_0093","coopees_01","coopees","engelsche copies","","red, white, blue","checkered","loom-patterned","plainweave","cotton","England","","","Sample book from Danish Guinea, with swatches and notes","Denmark Rigsarkivet, Vestindisk-Guineisk Kompagni, Direktionen, Breve og dokumenter fra Guinea, 1722-1731","Scan 84, sample 2","84-2","scanned image","https://www.sa.dk/ao-soegesider/da/billedviser?epid=20202279#292914,59112928","","","","1727","Denmark-Guinea-84-2 English Copies-mk.jpeg","mat_093.jpeg",""
"mat_0094","coopees_02","coopees","compag copies","","red, white","checkered","loom-patterned","plainweave","cotton","Denmark","","","Sample book from Danish Guinea, with swatches and notes","Denmark Rigsarkivet, Vestindisk-Guineisk Kompagni, Direktionen, Breve og dokumenter fra Guinea, 1722-1731","Scan 84, sample 3","84-3","scanned image","https://www.sa.dk/ao-soegesider/da/billedviser?epid=20202279#292914,59112928","","","","1727","Denmark-Guinea-84-3 company copies-mk.jpeg","mat_094.jpeg",""
"mat_0095","coopees_03","coopees","compag copies","","red, white","checkered","loom-patterned","plainweave with doubled threads","cotton","Denmark","","","Sample book from Danish Guinea, with swatches and notes","Denmark Rigsarkivet, Vestindisk-Guineisk Kompagni, Direktionen, Breve og dokumenter fra Guinea, 1722-1731","Scan 84, sample 4","84-4","scanned image","https://www.sa.dk/ao-soegesider/da/billedviser?epid=20202279#292914,59112928","","","","1727","Denmark-Guinea-84-4 company copies-mk.jpeg","mat_095.jpeg","some of the vertical red threads are doubled"
"mat_0096","chelas_02","chelas","compag chelloes","","blue, white","checkered","loom-patterned","plainweave with doubled threads","cotton","Denmark","","","Sample book from Danish Guinea, with swatches and notes","Denmark Rigsarkivet, Vestindisk-Guineisk Kompagni, Direktionen, Breve og dokumenter fra Guinea, 1722-1731","Scan 84, sample 5","84-5","scanned image","https://www.sa.dk/ao-soegesider/da/billedviser?epid=20202279#292914,59112928","","","","1727","Denmark-Guinea-84-5 company chelloes-mk.jpeg","mat_096.jpeg","vertical white and blue threads are doubled"
"mat_0097","chelas_03","chelas","compag chelloes","","blue, white, red","checkered","loom-patterned","plainweave","cotton","Denmark","","","Sample book from Danish Guinea, with swatches and notes","Denmark Rigsarkivet, Vestindisk-Guineisk Kompagni, Direktionen, Breve og dokumenter fra Guinea, 1722-1731","Scan 84, sample 6","84-6","scanned image","https://www.sa.dk/ao-soegesider/da/billedviser?epid=20202279#292914,59112928","","","","1727","Denmark-Guinea-84-6 company chelloes-mk.jpeg","mat_097.jpeg",""
"mat_0098","chelas_04","chelas","compag chelloes","","blue, white, red","checkered","loom-patterned","plainweave","cotton","Denmark","","","Sample book from Danish Guinea, with swatches and notes","Denmark Rigsarkivet, Vestindisk-Guineisk Kompagni, Direktionen, Breve og dokumenter fra Guinea, 1722-1731","Scan 84, sample 7","84-7","scanned image","https://www.sa.dk/ao-soegesider/da/billedviser?epid=20202279#292914,59112928","","","","1727","Denmark-Guinea-84-7 company chelloes-mk.jpeg","mat_098.jpeg",""
"mat_0099","chelas_05","chelas","compag chelloes","","blue, white","checkered","loom-patterned","plainweave","cotton","Denmark","","","Sample book from Danish Guinea, with swatches and notes","Denmark Rigsarkivet, Vestindisk-Guineisk Kompagni, Direktionen, Breve og dokumenter fra Guinea, 1722-1731","Scan 84, sample 8","84-8","scanned image","https://www.sa.dk/ao-soegesider/da/billedviser?epid=20202279#292914,59112928","","","","1727","Denmark-Guinea-84-8 company chelloes-mk.jpeg","mat_099.jpeg",""
"mat_0100","guineacloth_01","guinea cloth","guinea stuffs","","blue, white","checkered","loom-patterned","plainweave","cotton","","","","Sample book from Danish Guinea, with swatches and notes","Denmark Rigsarkivet, Vestindisk-Guineisk Kompagni, Direktionen, Breve og dokumenter fra Guinea, 1722-1731","Scan 85, sample 1","85-1","scanned image","https://www.sa.dk/ao-soegesider/da/billedviser?epid=20202279#292914,59112929","","","","1727","Denmark-Guinea-85-1 guinea stuffs-mk.jpeg","mat_100.jpeg",""
"mat_0101","cushtaes_01","cushtaes","custas","","blue, white, blue (light)","striped","loom-patterned","plainweave with doubled threads","cotton","","","","Sample book from Danish Guinea, with swatches and notes","Denmark Rigsarkivet, Vestindisk-Guineisk Kompagni, Direktionen, Breve og dokumenter fra Guinea, 1722-1731","Scan 85, sample 2","85-2","scanned image","https://www.sa.dk/ao-soegesider/da/billedviser?epid=20202279#292914,59112929","","","","1727","Denmark-Guinea-85-2 Custas-mk.jpeg","mat_101.jpeg","light blue threads are doubled"
"mat_0102","cushtaes_02","cushtaes","custas","","blue, white","striped","loom-patterned","plainweave with doubled threads","cotton","","","","Sample book from Danish Guinea, with swatches and notes","Denmark Rigsarkivet, Vestindisk-Guineisk Kompagni, Direktionen, Breve og dokumenter fra Guinea, 1722-1731","Scan 85, sample 3","85-3","scanned image","https://www.sa.dk/ao-soegesider/da/billedviser?epid=20202279#292914,59112929","","","","1727","Denmark-Guinea-85-3 Custa-mk.jpeg","mat_102.jpeg","all vertical threads, blue and white, are doubled"
"mat_0103","cushtaes_03","cushtaes","custas","","blue, white, red","striped","loom-patterned","plainweave with doubled threads","cotton","","","","Sample book from Danish Guinea, with swatches and notes","Denmark Rigsarkivet, Vestindisk-Guineisk Kompagni, Direktionen, Breve og dokumenter fra Guinea, 1722-1731","Scan 85, sample 4","85-4","scanned image","https://www.sa.dk/ao-soegesider/da/billedviser?epid=20202279#292914,59112929","","","","1727","Denmark-Guinea-85-4 Custas-mk.jpeg","mat_103.jpeg","all vertical threads, blue, white, and red, are doubled"
"mat_0104","cushtaes_04","cushtaes","custas","","blue, white","striped","loom-patterned","plainweave with doubled threads","cotton","","","","Sample book from Danish Guinea, with swatches and notes","Denmark Rigsarkivet, Vestindisk-Guineisk Kompagni, Direktionen, Breve og dokumenter fra Guinea, 1722-1731","Scan 85, sample 5","85-5","scanned image","https://www.sa.dk/ao-soegesider/da/billedviser?epid=20202279#292914,59112929","","","","1727","Denmark-Guinea-85-5 Custas-mk.jpeg","mat_104.jpeg","all vertical threads, blue and white, are doubled"
"mat_0106","cuttanees_01","cuttanees","engelsche cutteny","","white, red, gold","striped","loom-patterned","satin","cotton, silk","England","","","Sample book from Danish Guinea, with swatches and notes","Denmark Rigsarkivet, Vestindisk-Guineisk Kompagni, Direktionen, Breve og dokumenter fra Guinea, 1722-1731","Scan 85, sample 7","85-7","scanned image","https://www.sa.dk/ao-soegesider/da/billedviser?epid=20202279#292914,59112929","","","","1727","Denmark-Guinea-85-7 English Cuttany-mk.jpeg","mat_106.jpeg","it seems like a cotton warp, with all the satin weave of silk white, red, and gold thread "
"mat_0042","latkes_noDTTPdata_03","latkes","latkes","","red, white, black","checkered","loom-patterned","plainweave","cotton, silk","","","","Letter from Danish Guinea to Copenhagen regarding the African market's interest in each textile, with swatches attached","Denmark Rigsarkivet, Vestindisk-Guineisk Kompagni, Direktionen, Breve og dokumenter fra Guinea, 1705-22, scan 390","Letter A, sample 1","A1","scanned image","https://www.sa.dk/ao-soegesider/da/billedviser?epid=20202279#292913,59112645","","","","c. 1720","DRA1720sA1-Latkes-mk.jpeg","mat_042.jpeg","red and white warp threads are silk, crossed with white cotton, unclear if black is silk"
"mat_0043","brawles_01","brawles","broulis","","blue, white","checkered","loom-patterned","plainweave","cotton","","","","Letter from Danish Guinea to Copenhagen regarding the African market's interest in each textile, with swatches attached","Denmark Rigsarkivet, Vestindisk-Guineisk Kompagni, Direktionen, Breve og dokumenter fra Guinea, 1705-22, scan 390","Letter A, sample 2","A2","scanned image","https://www.sa.dk/ao-soegesider/da/billedviser?epid=20202279#292913,59112645","","","","c. 1720","DRA1720sA2-Broules-mk.jpeg","mat_043.jpeg","one thread is doubled, unclear if this is part of pattern"
"mat_0044","charadaries_03","charadaries","cherderies","","red, white, blue","checkered","loom-patterned","plainweave","cotton","","","","Letter from Danish Guinea to Copenhagen regarding the African market's interest in each textile, with swatches attached","Denmark Rigsarkivet, Vestindisk-Guineisk Kompagni, Direktionen, Breve og dokumenter fra Guinea, 1705-22, scan 390","Letter A, sample 3","A3","scanned image","https://www.sa.dk/ao-soegesider/da/billedviser?epid=20202279#292913,59112645","","","","c. 1720","DRA1720sA3-Cherideries-mk.jpeg","mat_044.jpeg",""
"mat_0045","nickanees_03","nickanees","niconesses","","blue, white","striped","loom-patterned","plainweave","cotton","","","","Letter from Danish Guinea to Copenhagen regarding the African market's interest in each textile, with swatches attached","Denmark Rigsarkivet, Vestindisk-Guineisk Kompagni, Direktionen, Breve og dokumenter fra Guinea, 1705-22, scan 390","Letter A, sample 4","A4","scanned image","https://www.sa.dk/ao-soegesider/da/billedviser?epid=20202279#292913,59112645","","","","c. 1720","DRA1720sA4-Nickanees-mk.jpeg","mat_045.jpeg",""
"mat_0046","chelas_06","chelas","chellos","","blue, white","checkered","loom-patterned","plainweave","cotton","","","","Letter from Danish Guinea to Copenhagen regarding the African market's interest in each textile, with swatches attached","Denmark Rigsarkivet, Vestindisk-Guineisk Kompagni, Direktionen, Breve og dokumenter fra Guinea, 1705-22, scan 390","Letter A, sample 5","A5","scanned image","https://www.sa.dk/ao-soegesider/da/billedviser?epid=20202279#292913,59112645","","","","c. 1720","DRA1720sA5-Chelloes-mk.jpeg","mat_046.jpeg",""
"mat_0047","gingham_04","gingham","gingang","","blue, red, white","striped","loom-patterned","plainweave with doubled threads","cotton","","","","Letter from Danish Guinea to Copenhagen regarding the African market's interest in each textile, with swatches attached","Denmark Rigsarkivet, Vestindisk-Guineisk Kompagni, Direktionen, Breve og dokumenter fra Guinea, 1705-22, scan 390","Letter A, sample 6","A6","scanned image","https://www.sa.dk/ao-soegesider/da/billedviser?epid=20202279#292913,59112645","","","","c. 1720","DRA1720sA6-Gingam-mk.jpeg","mat_047.jpeg","red and white warp threads are doubled, blue warp and weft are single"
"mat_0048","latkes_noDTTPdata_04","latkes","latkes","","red, white","striped","loom-patterned","plainweave","cotton, silk","","","","Letter from Danish Guinea to Copenhagen regarding the African market's interest in each textile, with swatches attached","Denmark Rigsarkivet, Vestindisk-Guineisk Kompagni, Direktionen, Breve og dokumenter fra Guinea, 1705-22, scan 390","Letter B, sample 1","B1","scanned image","https://www.sa.dk/ao-soegesider/da/billedviser?epid=20202279#292913,59112645","","","","1720","DRA1720sB1-Latkes-mk.jpeg","mat_048.jpeg",""
"mat_0049","brawles_02","brawles","storr broulis","","blue, white","checkered","loom-patterned","plainweave","cotton","","","","Letter from Danish Guinea to Copenhagen regarding the African market's interest in each textile, with swatches attached","Denmark Rigsarkivet, Vestindisk-Guineisk Kompagni, Direktionen, Breve og dokumenter fra Guinea, 1705-22, scan 390","Letter B, sample 10","B10","scanned image","https://www.sa.dk/ao-soegesider/da/billedviser?epid=20202279#292913,59112645","","","","1720","DRA1720sB10-BroulesLarge-mk.jpeg","mat_049.jpeg",""
"mat_0050","brawles_03","brawles","storr broulis","","blue, white, red","checkered","loom-patterned","plainweave","cotton","","","","Letter from Danish Guinea to Copenhagen regarding the African market's interest in each textile, with swatches attached","Denmark Rigsarkivet, Vestindisk-Guineisk Kompagni, Direktionen, Breve og dokumenter fra Guinea, 1705-22, scan 390","Letter B, sample 11","B11","scanned image","https://www.sa.dk/ao-soegesider/da/billedviser?epid=20202279#292913,59112645","","","","1720","DRA1720sB11-BroulesLarge-mk.jpeg","mat_050.jpeg",""
"mat_0051","latkes_noDTTPdata_05","latkes","latkes","","red, white","checkered","loom-patterned","plainweave","cotton, silk","","","","Letter from Danish Guinea to Copenhagen regarding the African market's interest in each textile, with swatches attached","Denmark Rigsarkivet, Vestindisk-Guineisk Kompagni, Direktionen, Breve og dokumenter fra Guinea, 1705-22, scan 390","Letter B, sample 2","B2","scanned image","https://www.sa.dk/ao-soegesider/da/billedviser?epid=20202279#292913,59112645","","","","1720","DRA1720sB2-Latkes-mk.jpeg","mat_051.jpeg","white silk threads, and red and white cotton threads"
"mat_0052","latkes_noDTTPdata_06","latkes","latkes","","red, white, yellow","striped","loom-patterned","plainweave","cotton, silk","","","","Letter from Danish Guinea to Copenhagen regarding the African market's interest in each textile, with swatches attached","Denmark Rigsarkivet, Vestindisk-Guineisk Kompagni, Direktionen, Breve og dokumenter fra Guinea, 1705-22, scan 390","Letter B, sample 3","B3","scanned image","https://www.sa.dk/ao-soegesider/da/billedviser?epid=20202279#292913,59112645","","","","1720","DRA1720sB3-Latkes-mk.jpeg","mat_052.jpeg","red, white, and yellow warp threads are silk, with white cotton weft. Might have selvedge."
"mat_0053","brawles_04","brawles","broulis","","blue, white","striped","loom-patterned","plainweave with doubled threads","cotton","","","","Letter from Danish Guinea to Copenhagen regarding the African market's interest in each textile, with swatches attached","Denmark Rigsarkivet, Vestindisk-Guineisk Kompagni, Direktionen, Breve og dokumenter fra Guinea, 1705-22, scan 390","Letter B, sample 4","B4","scanned image","https://www.sa.dk/ao-soegesider/da/billedviser?epid=20202279#292913,59112645","","","","1720","DRA1720sB4-Broules-mk.jpeg","mat_053.jpeg","some of the white threads are doubled, in the 5 stripe section"
"mat_0054","charadaries_04","charadaries","cherderies","","blue, white, red","checkered","loom-patterned","plainweave","cotton","","","","Letter from Danish Guinea to Copenhagen regarding the African market's interest in each textile, with swatches attached","Denmark Rigsarkivet, Vestindisk-Guineisk Kompagni, Direktionen, Breve og dokumenter fra Guinea, 1705-22, scan 390","Letter B, sample 5","B5","scanned image","https://www.sa.dk/ao-soegesider/da/billedviser?epid=20202279#292913,59112645","","","","1720","DRA1720sB5-Cherideries-mk.jpeg","mat_054.jpeg",""
"mat_0055","nickanees_04","nickanees","niconessor","","blue, white","striped","loom-patterned","plainweave","cotton","","","","Letter from Danish Guinea to Copenhagen regarding the African market's interest in each textile, with swatches attached","Denmark Rigsarkivet, Vestindisk-Guineisk Kompagni, Direktionen, Breve og dokumenter fra Guinea, 1705-22, scan 390","Letter B, sample 6","B6","scanned image","https://www.sa.dk/ao-soegesider/da/billedviser?epid=20202279#292913,59112645","","","","1720","DRA1720sB6-Nickanees-mk.jpeg","mat_055.jpeg",""
"mat_0056","chelas_07","chelas","chellos","","blue, white","checkered","loom-patterned","plainweave","cotton","","","","Letter from Danish Guinea to Copenhagen regarding the African market's interest in each textile, with swatches attached","Denmark Rigsarkivet, Vestindisk-Guineisk Kompagni, Direktionen, Breve og dokumenter fra Guinea, 1705-22, scan 390","Letter B, sample 7","B7","scanned image","https://www.sa.dk/ao-soegesider/da/billedviser?epid=20202279#292913,59112645","","","","1720","DRA1720sB7-Chelloes-mk.jpeg","mat_056.jpeg",""
"mat_0057","gingham_05","gingham","gingang","","blue, white, red","checkered","loom-patterned","plainweave with doubled threads","cotton","","","","Letter from Danish Guinea to Copenhagen regarding the African market's interest in each textile, with swatches attached","Denmark Rigsarkivet, Vestindisk-Guineisk Kompagni, Direktionen, Breve og dokumenter fra Guinea, 1705-22, scan 390","Letter B, sample 8","B8","scanned image","https://www.sa.dk/ao-soegesider/da/billedviser?epid=20202279#292913,59112645","","","","1720","DRA1720sB8-Gingam-mk.jpeg","mat_057.jpeg","red and white threads are doubled"
"mat_0058","brawles_05","brawles","storr broulis","","blue, white, red","checkered","loom-patterned","plainweave","cotton","","","","Letter from Danish Guinea to Copenhagen regarding the African market's interest in each textile, with swatches attached","Denmark Rigsarkivet, Vestindisk-Guineisk Kompagni, Direktionen, Breve og dokumenter fra Guinea, 1705-22, scan 390","Letter B, sample 9","B9","scanned image","https://www.sa.dk/ao-soegesider/da/billedviser?epid=20202279#292913,59112645","","","","1720","DRA1720sB9-BroulesLarge-mk.jpeg","mat_058.jpeg",""
"mat_0162","damask_01","damask","","damask fragment","yellow, white","floral","loom-patterned","damask","silk","China","","","","Rijksmuseum","Obj. nr. BK-1998-61","BK-1998-61","mk photo","http://hdl.handle.net/10934/RM0001.COLLECT.354630","","","","c. 1710-1715","RijksBK-1998-61(mk).jpeg","mat_162.jpeg",""
"mat_0027","cossaes_noDTTPdata_01","cossaes","cossaes","","white, red","striped","loom-patterned","plainweave","cotton","","","","Auction catalogue, with swatches, Indian textiles sold by Englishman Charles Barrington, trader with the Swedish East India Company, via a chartered Danish ship","Denmark Rigsarkivet, Vestindisk-Guineisk Kompagni, 1737-38, arkiv nr. 446","Scan folder I, pg 15, sample 3","I-15-3","scanned image","https://www.sa.dk/ao-soegesider/da/billedviser?epid=20202401#293002,59148116","","","","1737","DkBarr-I-15-3 cossaes-mk.jpeg","mat_027.jpeg",""
"mat_0028","cossaes_noDTTPdata_02","cossaes","cossaes","","white, red","striped","loom-patterned","plainweave with doubled threads","cotton","","","","Auction catalogue, with swatches, Indian textiles sold by Englishman Charles Barrington, trader with the Swedish East India Company, via a chartered Danish ship","Denmark Rigsarkivet, Vestindisk-Guineisk Kompagni, 1737-38, arkiv nr. 446","Scan folder I, pg 17, sample 1","I-17-1","scanned image","https://www.sa.dk/ao-soegesider/da/billedviser?epid=20202401#293002,59148118","","","","1737","DkBarr-I-17-1 cossaes-mk.jpeg","mat_028.jpeg","section of doubled threads"
"mat_0030","therindains_01","therindains","therendams","","white, red","striped","loom-patterned","plainweave with doubled threads","cotton","","very fine","","Auction catalogue, with swatches, Indian textiles sold by Englishman Charles Barrington, trader with the Swedish East India Company, via a chartered Danish ship","Denmark Rigsarkivet, Vestindisk-Guineisk Kompagni, 1737-38, arkiv nr. 446","Scan folder I, pg 17, sample 3","I-17-3","scanned image","https://www.sa.dk/ao-soegesider/da/billedviser?epid=20202401#293002,59148118","","","","1737","DkBarr-I-17-3 therindams-mk.jpeg","mat_030.jpeg","red threads are doubled"
"mat_0031","gerras_01","gerras","gurrahs","","white, red","striped","loom-patterned","plainweave","cotton","","coarse","","Auction catalogue, with swatches, Indian textiles sold by Englishman Charles Barrington, trader with the Swedish East India Company, via a chartered Danish ship","Denmark Rigsarkivet, Vestindisk-Guineisk Kompagni, 1737-38, arkiv nr. 446","Scan folder I, pg 21","I-21","scanned image","https://www.sa.dk/ao-soegesider/da/billedviser?epid=20202401#293002,59148122","","","","1737","DkBarr-I-21 gurrahs-mk.jpeg","mat_031.jpeg",""
"mat_0033","taffatie_01","taffatie","tafften","","white, red","striped","loom-patterned","plainweave","silk","","","","Auction catalogue, with swatches, Indian textiles sold by Englishman Charles Barrington, trader with the Swedish East India Company, via a chartered Danish ship","Denmark Rigsarkivet, Vestindisk-Guineisk Kompagni, 1737-38, arkiv nr. 446","Scan folder I, pg 25","I-25","scanned image","https://www.sa.dk/ao-soegesider/da/billedviser?epid=20202401#293002,59148126","","","","1737","DkBarr-I-25 tafften-mk.jpeg","mat_033.jpeg",""
"mat_0034","cuttanees_02","cuttanees","coutanies","","red, yellow, green, blue","striped","loom-patterned","satin","cotton, silk","","","","Auction catalogue, with swatches, Indian textiles sold by Englishman Charles Barrington, trader with the Swedish East India Company, via a chartered Danish ship","Denmark Rigsarkivet, Vestindisk-Guineisk Kompagni, 1737-38, arkiv nr. 446","Scan folder I, pg 30, sample 1","I-30-1","scanned image","https://www.sa.dk/ao-soegesider/da/billedviser?epid=20202401#293002,59148131","","","","1737","DkBarr-I-30-1 cuttanees1-mk.jpeg","mat_034.jpeg",""
"mat_0035","cuttanees_03","cuttanees","coutanies","","red, white","striped","loom-patterned","satin","cotton, silk","","","","Auction catalogue, with swatches, Indian textiles sold by Englishman Charles Barrington, trader with the Swedish East India Company, via a chartered Danish ship","Denmark Rigsarkivet, Vestindisk-Guineisk Kompagni, 1737-38, arkiv nr. 446","Scan folder I, pg 30, sample 2","I-30-2","scanned image","https://www.sa.dk/ao-soegesider/da/billedviser?epid=20202401#293002,59148131","","","","1737","DkBarr-I-30-2 cuttanees2-mk.jpeg","mat_035.jpeg",""
"mat_0036","allegias_01","allegias","elatchees","","red, white","striped","loom-patterned","plainweave","cotton, silk","","","","Auction catalogue, with swatches, Indian textiles sold by Englishman Charles Barrington, trader with the Swedish East India Company, via a chartered Danish ship","Denmark Rigsarkivet, Vestindisk-Guineisk Kompagni, 1737-38, arkiv nr. 446","Scan folder I, pg 32, sample 1","I-32-1","scanned image","https://www.sa.dk/ao-soegesider/da/billedviser?epid=20202401#293002,59148133","","","","1737","DkBarr-I-32-1 elatches-mk.jpeg","mat_036.jpeg","weave seems looser in the white, and dye has bled (or is the pattern printed?)"
"mat_0037","seersuckers_02","seersuckers","seersookers","","white, natural","striped","loom-patterned","plainweave with doubled threads","cotton, silk","","","","Auction catalogue, with swatches, Indian textiles sold by Englishman Charles Barrington, trader with the Swedish East India Company, via a chartered Danish ship","Denmark Rigsarkivet, Vestindisk-Guineisk Kompagni, 1737-38, arkiv nr. 446","Scan folder I, pg 32, sample 2","I-32-2","scanned image","https://www.sa.dk/ao-soegesider/da/billedviser?epid=20202401#293002,59148133","","","","1737","DkBarr-I-32-2 seersucker1-mk.jpeg","mat_037.jpeg","two narrow stripes of doubled threads"
"mat_0038","seersuckers_03","seersuckers","seersookers","","white, natural","striped","loom-patterned","plainweave","cotton, silk","","","","Auction catalogue, with swatches, Indian textiles sold by Englishman Charles Barrington, trader with the Swedish East India Company, via a chartered Danish ship","Denmark Rigsarkivet, Vestindisk-Guineisk Kompagni, 1737-38, arkiv nr. 446","Scan folder I, pg32, sample 3","I-32-3","scanned image","https://www.sa.dk/ao-soegesider/da/billedviser?epid=20202401#293002,59148133","","","","1737","DkBarr-I-32-3 seersucker2-mk.jpeg","mat_038.jpeg",""
"mat_0039","charadaries_05","charadaries","carridarys","","white, blue","striped","loom-patterned","plainweave","cotton","","","","Auction catalogue, with swatches, Indian textiles sold by Englishman Charles Barrington, trader with the Swedish East India Company, via a chartered Danish ship","Denmark Rigsarkivet, Vestindisk-Guineisk Kompagni, 1737-38, arkiv nr. 446","Scan folder I, pg 9, sample 1","I-9-1","scanned image","https://www.sa.dk/ao-soegesider/da/billedviser?epid=20202401#293002,59148110","","","","1737","DkBarr-I-9-1 carridaries1-mk.jpeg","mat_039.jpeg",""
"mat_0040","charadaries_06","charadaries","carridarys","","white, blue","striped","loom-patterned","plainweave with doubled threads","cotton","","","","Auction catalogue, with swatches, Indian textiles sold by Englishman Charles Barrington, trader with the Swedish East India Company, via a chartered Danish ship","Denmark Rigsarkivet, Vestindisk-Guineisk Kompagni, 1737-38, arkiv nr. 446","Scan folder I, pg 9, sample 2","I-9-2","scanned image","https://www.sa.dk/ao-soegesider/da/billedviser?epid=20202401#293002,59148110","","","","1737","DkBarr-I-9-2 carridaries2-mk.jpeg","mat_040.jpeg","some doubled threads; selvedge"
"mat_0041","charadaries_07","charadaries","carridarys","","white, blue, red","striped","loom-patterned","plainweave with doubled threads","cotton","","","","Auction catalogue, with swatches, Indian textiles sold by Englishman Charles Barrington, trader with the Swedish East India Company, via a chartered Danish ship","Denmark Rigsarkivet, Vestindisk-Guineisk Kompagni, 1737-38, arkiv nr. 446","Scan folder I, pg 9, sample 3","I-9-3","scanned image","https://www.sa.dk/ao-soegesider/da/billedviser?epid=20202401#293002,59148110","","","","1737","DkBarr-I-9-3 carridaries3-mk.jpeg","mat_041.jpeg","most vertical white threads are doubled"
"mat_0175","chelas_08","chelas","chelloes, oostindisch","","blue, white","checkered","loom-patterned","plainweave","","East Indies","","","From a letter to the directors of the Middelburgsche Commercie Compagnie with East Indian and imitated textiles","Zeeuws Archief, Middelburgsche Commercie Compagnie (MCC), 70.7, Incoming correspondence, Rotterdam, 1721-1888","Scans 92-94","left","mk photo","https://hdl.handle.net/21.12113/7C17137A204444C49F276B1E8FB7E447","","","","1753","MCC,70.7,92L.jpeg","mat_175.jpeg",""
"mat_0138","roemaals_04","roemaals","engelsche blauwe roemaals","","white, blue","checkered","loom-patterned","plainweave","","","","","Swatchbook carried on the ship De Vrouwe Maria Geertruida, travelling from the Dutch Republic to the west coast of Africa","Nationaal Archief, West India Company Archive, nr. 179, Documents from the 1788 journey of the Vrouwe Maria Geertruida","No. 10","no.10","scanned image","https://www.nationaalarchief.nl/en/research/archive/1.05.01.02/invnr/179/file/NL-HaNA_1.05.01.02_179_0003","","","","1788","NL-HaNA_1.05.01.02_179_0003-no.10.jpeg","mat_138.jpeg",""
"mat_0139","chelas_09","chelas","chellois kleynne ruiten","","white, blue","checkered","loom-patterned","plainweave","","","","","Swatchbook carried on the ship De Vrouwe Maria Geertruida, travelling from the Dutch Republic to the west coast of Africa","Nationaal Archief, West India Company Archive, nr. 179, Documents from the 1788 journey of the Vrouwe Maria Geertruida","No. 11","no.11","scanned image","https://www.nationaalarchief.nl/en/research/archive/1.05.01.02/invnr/179/file/NL-HaNA_1.05.01.02_179_0004","","","","1788","NL-HaNA_1.05.01.02_179_0004-no.11.jpeg","mat_139.jpeg",""
"mat_0140","chelas_populees_01","chelas, populees","chellois popilia","","white, blue","checkered","loom-patterned","plainweave","","","","","Swatchbook carried on the ship De Vrouwe Maria Geertruida, travelling from the Dutch Republic to the west coast of Africa","Nationaal Archief, West India Company Archive, nr. 179, Documents from the 1788 journey of the Vrouwe Maria Geertruida","No. 12","no.12","scanned image","https://www.nationaalarchief.nl/en/research/archive/1.05.01.02/invnr/179/file/NL-HaNA_1.05.01.02_179_0004","","","","1788","NL-HaNA_1.05.01.02_179_0004-no.12.jpeg","mat_140.jpeg",""
"mat_0141","bherms_01","bherms","breede berns","","blue, white, red, green","striped","loom-patterned","plainweave","","","","","Swatchbook carried on the ship De Vrouwe Maria Geertruida, travelling from the Dutch Republic to the west coast of Africa","Nationaal Archief, West India Company Archive, nr. 179, Documents from the 1788 journey of the Vrouwe Maria Geertruida","No. 13","no.13","scanned image","https://www.nationaalarchief.nl/en/research/archive/1.05.01.02/invnr/179/file/NL-HaNA_1.05.01.02_179_0004","","","","1788","NL-HaNA_1.05.01.02_179_0004-no.13.jpeg","mat_141.jpeg",""
"mat_0142","sesterganty_01","sesterganty","sijde sesterganti","","red, white","checkered","loom-patterned","plainweave","silk","","","","Swatchbook carried on the ship De Vrouwe Maria Geertruida, travelling from the Dutch Republic to the west coast of Africa","Nationaal Archief, West India Company Archive, nr. 179, Documents from the 1788 journey of the Vrouwe Maria Geertruida","No. 14","no.14","scanned image","https://www.nationaalarchief.nl/en/research/archive/1.05.01.02/invnr/179/file/NL-HaNA_1.05.01.02_179_0004","","","","1788","NL-HaNA_1.05.01.02_179_0004-no.14.jpeg","mat_142.jpeg",""
"mat_0143","callawoypoose_01","callawoypoose","callawpoes","","red, white","checkered","loom-patterned","plainweave","","","","","Swatchbook carried on the ship De Vrouwe Maria Geertruida, travelling from the Dutch Republic to the west coast of Africa","Nationaal Archief, West India Company Archive, nr. 179, Documents from the 1788 journey of the Vrouwe Maria Geertruida","No. 15","no.15","scanned image","https://www.nationaalarchief.nl/en/research/archive/1.05.01.02/invnr/179/file/NL-HaNA_1.05.01.02_179_0004","","","","1788","NL-HaNA_1.05.01.02_179_0004-no.15.jpeg","mat_143.jpeg",""
"mat_0144","neganipauts_01","neganipauts","neganipeaise","","blue, red, yellow, white","checkered","loom-patterned","plainweave","","","","","Swatchbook carried on the ship De Vrouwe Maria Geertruida, travelling from the Dutch Republic to the west coast of Africa","Nationaal Archief, West India Company Archive, nr. 179, Documents from the 1788 journey of the Vrouwe Maria Geertruida","No. 16","no.16","scanned image","https://www.nationaalarchief.nl/en/research/archive/1.05.01.02/invnr/179/file/NL-HaNA_1.05.01.02_179_0004","","","","1788","NL-HaNA_1.05.01.02_179_0004-no.16.jpeg","mat_144.jpeg",""
"mat_0146","nickanees_05","nickanees","nicaneese","","blue, white","striped","loom-patterned","plainweave","","","","","Swatchbook carried on the ship De Vrouwe Maria Geertruida, travelling from the Dutch Republic to the west coast of Africa","Nationaal Archief, West India Company Archive, nr. 179, Documents from the 1788 journey of the Vrouwe Maria Geertruida","No. 18","no.18","scanned image","https://www.nationaalarchief.nl/en/research/archive/1.05.01.02/invnr/179/file/NL-HaNA_1.05.01.02_179_0005","","","","1788","NL-HaNA_1.05.01.02_179_0005-no.18.jpeg","mat_146.jpeg",""
"mat_0149","bontje_01","bontje","Vriesbont","","white, blue","checkered","loom-patterned","plainweave","","","","","Swatchbook carried on the ship De Vrouwe Maria Geertruida, travelling from the Dutch Republic to the west coast of Africa","Nationaal Archief, West India Company Archive, nr. 179, Documents from the 1788 journey of the Vrouwe Maria Geertruida","No. 20","no.20","scanned image","https://www.nationaalarchief.nl/en/research/archive/1.05.01.02/invnr/179/file/NL-HaNA_1.05.01.02_179_0005","","","","1788","NL-HaNA_1.05.01.02_179_0005-no.20.jpeg","mat_149.jpeg",""
"mat_0150","bontje_02","bontje","Haarlem boeksel","","white, blue","striped","loom-patterned","plainweave","","","","","Swatchbook carried on the ship De Vrouwe Maria Geertruida, travelling from the Dutch Republic to the west coast of Africa","Nationaal Archief, West India Company Archive, nr. 179, Documents from the 1788 journey of the Vrouwe Maria Geertruida","No. 21","no.21","scanned image","https://www.nationaalarchief.nl/en/research/archive/1.05.01.02/invnr/179/file/NL-HaNA_1.05.01.02_179_0005","","","","1788","NL-HaNA_1.05.01.02_179_0005-no.21.jpeg","mat_150.jpeg",""
"mat_0153","bejutapauts_02","bejutapauts","blaauwe bajeutapeaise","","white, blue","checkered","loom-patterned","plainweave","cotton","","","","Swatchbook carried on the ship De Vrouwe Maria Geertruida, travelling from the Dutch Republic to the west coast of Africa","Nationaal Archief, West India Company Archive, nr. 179, Documents from the 1788 journey of the Vrouwe Maria Geertruida","No. 4","no.4","scanned image","https://www.nationaalarchief.nl/en/research/archive/1.05.01.02/invnr/179/file/NL-HaNA_1.05.01.02_179_0003","","","","1788","NL-HaNA_1.05.01.02_179_0003-no.4.jpeg","mat_153.jpeg",""
"mat_0154","bejutapauts_03","bejutapauts","roode bajeutapeaise","","white, blue, red","checkered","loom-patterned","plainweave","cotton","","","","Swatchbook carried on the ship De Vrouwe Maria Geertruida, travelling from the Dutch Republic to the west coast of Africa","Nationaal Archief, West India Company Archive, nr. 179, Documents from the 1788 journey of the Vrouwe Maria Geertruida","No. 5","no.5","scanned image","https://www.nationaalarchief.nl/en/research/archive/1.05.01.02/invnr/179/file/NL-HaNA_1.05.01.02_179_0003","","","","1788","NL-HaNA_1.05.01.02_179_0003-no.5.jpeg","mat_154.jpeg",""
"mat_0155","taffachelas_02","taffachelas","blaauwe castappseels","","blue, white, black","checkered","loom-patterned","plainweave","","","","","Swatchbook carried on the ship De Vrouwe Maria Geertruida, travelling from the Dutch Republic to the west coast of Africa","Nationaal Archief, West India Company Archive, nr. 179, Documents from the 1788 journey of the Vrouwe Maria Geertruida","No. 6","no.6","scanned image","https://www.nationaalarchief.nl/en/research/archive/1.05.01.02/invnr/179/file/NL-HaNA_1.05.01.02_179_0003","","","","1788","NL-HaNA_1.05.01.02_179_0003-no.6.jpeg","mat_155.jpeg",""
"mat_0156","cooroots_01","corroots","roode corroott","","white, blue, red","checkered","loom-patterned","plainweave","cotton","","","","Swatchbook carried on the ship De Vrouwe Maria Geertruida, travelling from the Dutch Republic to the west coast of Africa","Nationaal Archief, West India Company Archive, nr. 179, Documents from the 1788 journey of the Vrouwe Maria Geertruida","No. 7","no.7","scanned image","https://www.nationaalarchief.nl/en/research/archive/1.05.01.02/invnr/179/file/NL-HaNA_1.05.01.02_179_0003","","","","1788","NL-HaNA_1.05.01.02_179_0003-no.7.jpeg","mat_156.jpeg",""
"mat_0157","cooroots_02","corroots","blaauwe corroott","","white, blue","checkered","loom-patterned","plainweave","cotton","","","","Swatchbook carried on the ship De Vrouwe Maria Geertruida, travelling from the Dutch Republic to the west coast of Africa","Nationaal Archief, West India Company Archive, nr. 179, Documents from the 1788 journey of the Vrouwe Maria Geertruida","No. 8","no.8","scanned image","https://www.nationaalarchief.nl/en/research/archive/1.05.01.02/invnr/179/file/NL-HaNA_1.05.01.02_179_0003","","","","1788","NL-HaNA_1.05.01.02_179_0003-no.8.jpeg","mat_157.jpeg",""
"mat_0158","roemaals_05","roemaals","Engelsche roode mise roemaals","","red, blue, white","checkered","loom-patterned","plainweave","","","","","Swatchbook carried on the ship De Vrouwe Maria Geertruida, travelling from the Dutch Republic to the west coast of Africa","Nationaal Archief, West India Company Archive, nr. 179, Documents from the 1788 journey of the Vrouwe Maria Geertruida","No. 9","no.9","scanned image","https://www.nationaalarchief.nl/en/research/archive/1.05.01.02/invnr/179/file/NL-HaNA_1.05.01.02_179_0003","","","","1788","NL-HaNA_1.05.01.02_179_0003-no.9.jpeg","mat_158.jpeg",""
"mat_0176","chelas_10","chelas","chelloes, nagemaakt","","blue, white","checkered","loom-patterned","plainweave","","","","","From a letter to the directors of the Middelburgsche Commercie Compagnie with East Indian and imitated textiles","Zeeuws Archief, Middelburgsche Commercie Compagnie (MCC), 70.7, Incoming correspondence, Rotterdam, 1721-1888","Scans 92-94","right","mk photo","https://hdl.handle.net/21.12113/7C17137A204444C49F276B1E8FB7E447","","","","1753","MCC,70.7,92R.jpeg","mat_176.jpeg",""
"mat_0173","noDTTPdata_08","","","","blue, white","checkered","loom-patterned","plainweave","","","","","From a letter to Pieter de Jongh","Zeeuws Archief, Middelburgsche Commercie Compagnie (MCC), 64.1, Incoming correspondence, Amsterdam, 1720-1888","Scan 74","","mk photo","https://hdl.handle.net/21.12113/4D3F6AAA07494B6A8FF9580AE5EDDD9D","","","","1731","MCC,64.1,74.jpeg","mat_173.jpeg",""
"mat_0174","nickanees_06","nickanees","","","blue, white","striped","loom-patterned","plainweave","","England","","","From a letter to the directors of the Middelburgsche Commercie Compagnie","Zeeuws Archief, Middelburgsche Commercie Compagnie (MCC), 66.5, Incoming correspondence, Amsterdam, 1720-1888","Scan 68","","mk photo","https://hdl.handle.net/21.12113/28B07DAF3A39444C9657239534B54CFA","","","","1755","MCC,66.5,68.jpeg","mat_174.jpeg",""
"mat_0206","gingham_07","gingham","gestreepte linnen of gingam andere soort","","blue, white","striped","loom-patterned","plainweave","","","","","From Japanese requests (Eisen) to the VOC","Nationaal Archief, Deshima, ""Japanse Eisen"", 1.04.21, 1409","Scan 25","","","https://www.nationaalarchief.nl/onderzoeken/archief/1.04.21/invnr/1409/file/NL-HaNA_1.04.21_1409_25","","","","1813","NL-HaNA_1.04.21_1409_25-D","mat_206.jpeg",""
"mat_0207","gingham_08","gingham","gingam gestreept","","blue, white, yellow, red","striped","loom-patterned","plainweave","","","","","From Japanese requests (Eisen) to the VOC","Nationaal Archief, Deshima, ""Japanse Eisen"", 1.04.21, 1409","Scan 25","","","https://www.nationaalarchief.nl/onderzoeken/archief/1.04.21/invnr/1409/file/NL-HaNA_1.04.21_1409_25","","","","1813","NL-HaNA_1.04.21_1409_25-E","mat_207.jpeg",""
"mat_0208","linen_01","linen","gestreepte witte linnen","","white","checkered","loom-patterned","plainweave","","","","","From Japanese requests (Eisen) to the VOC","Nationaal Archief, Deshima, ""Japanse Eisen"", 1.04.21, 1409","Scan 25","","","https://www.nationaalarchief.nl/onderzoeken/archief/1.04.21/invnr/1409/file/NL-HaNA_1.04.21_1409_25","","","","1813","NL-HaNA_1.04.21_1409_25-F","mat_208.jpeg",""
"mat_0209","sirata_noDTTPdata_01","","sirata gestreept","","red, white, blue, black","checkered","loom-patterned","plainweave","","","","","From Japanese requests (Eisen) to the VOC","Nationaal Archief, Deshima, ""Japanse Eisen"", 1.04.21, 1409","Scan 26","","","https://www.nationaalarchief.nl/onderzoeken/archief/1.04.21/invnr/1409/file/NL-HaNA_1.04.21_1409_26","","","","1813","NL-HaNA_1.04.21_1409_26-A","mat_209.jpeg",""
"mat_0210","sirata_noDTTPdata_02","","sirata gestreept","","red, white","checkered, stars","loom-patterned","plainweave, supplemental weft","","","","","From Japanese requests (Eisen) to the VOC","Nationaal Archief, Deshima, ""Japanse Eisen"", 1.04.21, 1409","Scan 26","","","https://www.nationaalarchief.nl/onderzoeken/archief/1.04.21/invnr/1409/file/NL-HaNA_1.04.21_1409_26","","","","1813","NL-HaNA_1.04.21_1409_26-B","mat_210.jpeg",""
"mat_0211","sirata_noDTTPdata_03","","sirata gestreept","","red, white, blue","checkered, stars","loom-patterned","plainweave, supplemental weft","","","","","From Japanese requests (Eisen) to the VOC","Nationaal Archief, Deshima, ""Japanse Eisen"", 1.04.21, 1409","Scan 26","","","https://www.nationaalarchief.nl/onderzoeken/archief/1.04.21/invnr/1409/file/NL-HaNA_1.04.21_1409_26","","","","1813","NL-HaNA_1.04.21_1409_26-C","mat_211.jpeg",""
"mat_0212","linen_02","linen","gestreept linne","","brown, white","striped","loom-patterned","plainweave","","","","","From Japanese requests (Eisen) to the VOC","Nationaal Archief, Deshima, ""Japanse Eisen"", 1.04.21, 1409","Scan 26","","","https://www.nationaalarchief.nl/onderzoeken/archief/1.04.21/invnr/1409/file/NL-HaNA_1.04.21_1409_26","","","","1813","NL-HaNA_1.04.21_1409_26-D","mat_212.jpeg",""
"mat_0213","linen_03","linen","gestreept linne","","brown, white","striped","loom-patterned","plainweave","","","","","From Japanese requests (Eisen) to the VOC","Nationaal Archief, Deshima, ""Japanse Eisen"", 1.04.21, 1409","Scan 26","","","https://www.nationaalarchief.nl/onderzoeken/archief/1.04.21/invnr/1409/file/NL-HaNA_1.04.21_1409_26","","","","1813","NL-HaNA_1.04.21_1409_26-E","mat_213.jpeg",""
"mat_0214","linen_04","linen","gestreept linne","","brown, white","striped","loom-patterned","plainweave","","","","","From Japanese requests (Eisen) to the VOC","Nationaal Archief, Deshima, ""Japanse Eisen"", 1.04.21, 1409","Scan 26","","","https://www.nationaalarchief.nl/onderzoeken/archief/1.04.21/invnr/1409/file/NL-HaNA_1.04.21_1409_26","","","","1813","NL-HaNA_1.04.21_1409_26-F","mat_214.jpeg",""
"mat_0215","gingham_09","gingham","gingam","","blue, white, red","checkered","loom-patterned","plainweave","","","","","From Japanese requests (Eisen) to the VOC","Nationaal Archief, Deshima, ""Japanse Eisen"", 1.04.21, 1409","Scan 27","","","https://www.nationaalarchief.nl/onderzoeken/archief/1.04.21/invnr/1409/file/NL-HaNA_1.04.21_1409_27","","","","1813","NL-HaNA_1.04.21_1409_27","mat_215.jpeg",""
"mat_0224","damask_02","damask","goude vaderlandse stof","","white, black, gold","floral","loom-patterned","damask","silk","Netherlands","","","From Japanese requests (Eisen) to the VOC","Nationaal Archief, Deshima, ""Japanse Eisen"", 1.04.21, 1412","Scan 13","","","https://www.nationaalarchief.nl/onderzoeken/archief/1.04.21/invnr/1412/file/NL-HaNA_1.04.21_1412_13","","","","1819","NL-HaNA_1.04.21_1412_13-D","mat_224.jpeg",""
"mat_0231","armosynen_03","armosynen","armosijn gestreept","","red, brown, yellow","striped","loom-patterned","plainweave","","","","","From Japanese requests (Eisen) to the VOC","Nationaal Archief, Deshima, ""Japanse Eisen"", 1.04.21, 1412","Scan 55","","","https://www.nationaalarchief.nl/onderzoeken/archief/1.04.21/invnr/1412/file/NL-HaNA_1.04.21_1412_55","","","","1819","NL-HaNA_1.04.21_1412_55-E","mat_231.jpeg",""
"mat_0232","armosynen_04","armosynen","armosijn gestreept","","yellow, white, blue","striped","loom-patterned","plainweave","","","","","From Japanese requests (Eisen) to the VOC","Nationaal Archief, Deshima, ""Japanse Eisen"", 1.04.21, 1412","Scan 55","","","https://www.nationaalarchief.nl/onderzoeken/archief/1.04.21/invnr/1412/file/NL-HaNA_1.04.21_1412_55","","","","1819","NL-HaNA_1.04.21_1412_55-F","mat_232.jpeg",""
"mat_0233","armosynen_05","armosynen","armosijn gestreept","","red, yellow, white, green","striped","loom-patterned","plainweave","","","","","From Japanese requests (Eisen) to the VOC","Nationaal Archief, Deshima, ""Japanse Eisen"", 1.04.21, 1412","Scan 55","","","https://www.nationaalarchief.nl/onderzoeken/archief/1.04.21/invnr/1412/file/NL-HaNA_1.04.21_1412_55","","","","1819","NL-HaNA_1.04.21_1412_55-G","mat_233.jpeg",""
"mat_0234","armosynen_06","armosynen","armosijn gestreept","","red, white, brown","checkered","loom-patterned","plainweave","","","","","From Japanese requests (Eisen) to the VOC","Nationaal Archief, Deshima, ""Japanse Eisen"", 1.04.21, 1412","Scan 55","","","https://www.nationaalarchief.nl/onderzoeken/archief/1.04.21/invnr/1412/file/NL-HaNA_1.04.21_1412_55","","","","1819","NL-HaNA_1.04.21_1412_55-H","mat_234.jpeg",""
"mat_0235","sursianis_noDTTPdata_01","","sursianis zijde","","white, brown","checkered","loom-patterned","plainweave","silk","","","","From Japanese requests (Eisen) to the VOC","Nationaal Archief, Deshima, ""Japanse Eisen"", 1.04.21, 1412","Scan 56","","","https://www.nationaalarchief.nl/onderzoeken/archief/1.04.21/invnr/1412/file/NL-HaNA_1.04.21_1412_56","","","","1819","NL-HaNA_1.04.21_1412_56-A","mat_235.jpeg",""
"mat_0236","taffachelas_03","taffachelas","taffacelas","","blue (dark blue), blue (light blue), red, yellow","striped","loom-patterned","plainweave","","","","","From Japanese requests (Eisen) to the VOC","Nationaal Archief, Deshima, ""Japanse Eisen"", 1.04.21, 1412","Scan 56","","","https://www.nationaalarchief.nl/onderzoeken/archief/1.04.21/invnr/1412/file/NL-HaNA_1.04.21_1412_56","","","","1819","NL-HaNA_1.04.21_1412_56-B","mat_236.jpeg",""
"mat_0237","taffachelas_04","taffachelas","taffacelas","","blue (dark blue), blue (light blue), red, yellow","striped","loom-patterned","plainweave","","","","","From Japanese requests (Eisen) to the VOC","Nationaal Archief, Deshima, ""Japanse Eisen"", 1.04.21, 1412","Scan 56","","","https://www.nationaalarchief.nl/onderzoeken/archief/1.04.21/invnr/1412/file/NL-HaNA_1.04.21_1412_56","","","","1819","NL-HaNA_1.04.21_1412_56-C.jpeg","mat_237.jpeg",""
"mat_0238","sioucotass_noDTTPdata_01","","sioucotass zijde","","brown, yellow","checkered","loom-patterned","plainweave","silk","","","","From Japanese requests (Eisen) to the VOC","Nationaal Archief, Deshima, ""Japanse Eisen"", 1.04.21, 1412","Scan 56","","","https://www.nationaalarchief.nl/onderzoeken/archief/1.04.21/invnr/1412/file/NL-HaNA_1.04.21_1412_56","","","","1819","NL-HaNA_1.04.21_1412_56-D","mat_238.jpeg",""
"mat_0239","sioucotass_noDTTPdata_02","","sioucotass zijde","","brown, yellow, red","checkered","loom-patterned","plainweave","silk","","","","From Japanese requests (Eisen) to the VOC","Nationaal Archief, Deshima, ""Japanse Eisen"", 1.04.21, 1412","Scan 56","","","https://www.nationaalarchief.nl/onderzoeken/archief/1.04.21/invnr/1412/file/NL-HaNA_1.04.21_1412_56","","","","1819","NL-HaNA_1.04.21_1412_56-E","mat_239.jpeg",""
"mat_0240","taffachelas_05","taffachelas","taffacelas extra fijn","","blue, red, white, yellow","striped","loom-patterned","plainweave","","","extra fine","","From Japanese requests (Eisen) to the VOC","Nationaal Archief, Deshima, ""Japanse Eisen"", 1.04.21, 1412","Scan 56","","","https://www.nationaalarchief.nl/onderzoeken/archief/1.04.21/invnr/1412/file/NL-HaNA_1.04.21_1412_56","","","","1819","NL-HaNA_1.04.21_1412_56-F","mat_240.jpeg",""
"mat_0241","taffachelas_06","taffachelas","taffacelas extra fijn","","blue, red, white, yellow","striped","loom-patterned","plainweave","","","extra fine","","From Japanese requests (Eisen) to the VOC","Nationaal Archief, Deshima, ""Japanse Eisen"", 1.04.21, 1412","Scan 56","","","https://www.nationaalarchief.nl/onderzoeken/archief/1.04.21/invnr/1412/file/NL-HaNA_1.04.21_1412_56","","","","1819","NL-HaNA_1.04.21_1412_56-G","mat_241.jpeg",""
"mat_0242","taffachelas_07","taffachelas","taffacelas extra fijn","","blue, red, white","striped","loom-patterned","plainweave","","","extra fine","","From Japanese requests (Eisen) to the VOC","Nationaal Archief, Deshima, ""Japanse Eisen"", 1.04.21, 1412","Scan 56","","","https://www.nationaalarchief.nl/onderzoeken/archief/1.04.21/invnr/1412/file/NL-HaNA_1.04.21_1412_56","","","","1819","NL-HaNA_1.04.21_1412_56-H","mat_242.jpeg",""
"mat_0243","taffachelas_08","taffachelas","taffacelas extra fijn","","blue, tan","striped","loom-patterned","plainweave","","","extra fine","","From Japanese requests (Eisen) to the VOC","Nationaal Archief, Deshima, ""Japanse Eisen"", 1.04.21, 1412","Scan 56","","","https://www.nationaalarchief.nl/onderzoeken/archief/1.04.21/invnr/1412/file/NL-HaNA_1.04.21_1412_56","","","","1819","NL-HaNA_1.04.21_1412_56-I","mat_243.jpeg",""
"mat_0244","taffachelas_09","taffachelas","taffacelas extra fijn","","blue, red","striped","loom-patterned","plainweave","","","extra fine","","From Japanese requests (Eisen) to the VOC","Nationaal Archief, Deshima, ""Japanse Eisen"", 1.04.21, 1412","Scan 56","","","https://www.nationaalarchief.nl/onderzoeken/archief/1.04.21/invnr/1412/file/NL-HaNA_1.04.21_1412_56","","","","1819","NL-HaNA_1.04.21_1412_56-K","mat_244.jpeg",""
"mat_0245","taffachelas_10","taffachelas","taffacelas extra fijn","","blue, red, yellow","striped","loom-patterned","plainweave","","","extra fine","","From Japanese requests (Eisen) to the VOC","Nationaal Archief, Deshima, ""Japanse Eisen"", 1.04.21, 1412","Scan 56","","","https://www.nationaalarchief.nl/onderzoeken/archief/1.04.21/invnr/1412/file/NL-HaNA_1.04.21_1412_56","","","","1819","NL-HaNA_1.04.21_1412_56-L","mat_245.jpeg",""
"mat_0246","taffachelas_11","taffachelas","taffacelas extra fijn","","blue, red, white, yellow","striped","loom-patterned","plainweave","","","extra fine","","From Japanese requests (Eisen) to the VOC","Nationaal Archief, Deshima, ""Japanse Eisen"", 1.04.21, 1412","Scan 56","","","https://www.nationaalarchief.nl/onderzoeken/archief/1.04.21/invnr/1412/file/NL-HaNA_1.04.21_1412_56","","","","1819","NL-HaNA_1.04.21_1412_56-M","mat_246.jpeg",""
"mat_0247","dherrijs_01","dherrijs","dherrijs zijde","","brown, yellow","striped","loom-patterned","plainweave","silk","","","","From Japanese requests (Eisen) to the VOC","Nationaal Archief, Deshima, ""Japanse Eisen"", 1.04.21, 1412","Scan 56","","","https://www.nationaalarchief.nl/onderzoeken/archief/1.04.21/invnr/1412/file/NL-HaNA_1.04.21_1412_56","","","","1819","NL-HaNA_1.04.21_1412_56-N","mat_247.jpeg",""
"mat_0248","taffachelas_12","taffachelas","taffacelas ordinair","","blue, red","striped","loom-patterned","plainweave","","","ordinary","","From Japanese requests (Eisen) to the VOC","Nationaal Archief, Deshima, ""Japanse Eisen"", 1.04.21, 1412","Scan 56","","","https://www.nationaalarchief.nl/onderzoeken/archief/1.04.21/invnr/1412/file/NL-HaNA_1.04.21_1412_56","","","","1819","NL-HaNA_1.04.21_1412_56-O","mat_248.jpeg",""
"mat_0249","taffachelas_13","taffachelas","taffacelas ordinair","","blue, red","striped","loom-patterned","plainweave","","","ordinary","","From Japanese requests (Eisen) to the VOC","Nationaal Archief, Deshima, ""Japanse Eisen"", 1.04.21, 1412","Scan 56","","","https://www.nationaalarchief.nl/onderzoeken/archief/1.04.21/invnr/1412/file/NL-HaNA_1.04.21_1412_56","","","","1819","NL-HaNA_1.04.21_1412_56-P","mat_249.jpeg",""
"mat_0250","taffachelas_14","taffachelas","taffacelas geblokte","","blue, white, yellow","checkered","loom-patterned","plainweave","","","","","From Japanese requests (Eisen) to the VOC","Nationaal Archief, Deshima, ""Japanse Eisen"", 1.04.21, 1412","Scan 56","","","https://www.nationaalarchief.nl/onderzoeken/archief/1.04.21/invnr/1412/file/NL-HaNA_1.04.21_1412_56","","","","1819","NL-HaNA_1.04.21_1412_56-Q","mat_250.jpeg",""
"mat_0251","taffachelas_15","taffachelas","de grond der taffacelass","","blue, white, red","striped","loom-patterned","plainweave","","","","","From Japanese requests (Eisen) to the VOC","Nationaal Archief, Deshima, ""Japanse Eisen"", 1.04.21, 1412","Scan 56","","","https://www.nationaalarchief.nl/onderzoeken/archief/1.04.21/invnr/1412/file/NL-HaNA_1.04.21_1412_56","","","","1819","NL-HaNA_1.04.21_1412_56-R","mat_251.jpeg",""
"mat_0264","taffachelas_16","taffachelas","taffacelas verbeterde van soort dit jaar aangebragt","","red, blue, white, yellow","checkered","loom-patterned","plainweave","","","","","From Japanese requests (Eisen) to the VOC","Nationaal Archief, Deshima, ""Japanse Eisen"", 1.04.21, 1412","Scan 56","","","https://www.nationaalarchief.nl/onderzoeken/archief/1.04.21/invnr/1412/file/NL-HaNA_1.04.21_1412_56","","","","1819","NL-HaNA_1.04.21_1412_56-AE","mat_264.jpeg",""
"mat_0265","taffachelas_17","taffachelas","taffacelas verbeterde 2de zoort van dit jaar","","blue, red, yellow","striped","loom-patterned","plainweave","","","","","From Japanese requests (Eisen) to the VOC","Nationaal Archief, Deshima, ""Japanse Eisen"", 1.04.21, 1412","Scan 57","","","https://www.nationaalarchief.nl/onderzoeken/archief/1.04.21/invnr/1412/file/NL-HaNA_1.04.21_1412_57","","","","1819","NL-HaNA_1.04.21_1412_57-A","mat_265.jpeg",""
"mat_0266","taffachelas_18","taffachelas","taffacelas extra fijn 1ste zoort van dit jaar","","blue, red, white, yellow","striped","loom-patterned","plainweave","","","extra fine","","From Japanese requests (Eisen) to the VOC","Nationaal Archief, Deshima, ""Japanse Eisen"", 1.04.21, 1412","Scan 57","","","https://www.nationaalarchief.nl/onderzoeken/archief/1.04.21/invnr/1412/file/NL-HaNA_1.04.21_1412_57","","","","1819","NL-HaNA_1.04.21_1412_57-B","mat_266.jpeg",""
"mat_0267","taffachelas_19","taffachelas","taffacelas extra fijn 2 zoort van dit jaar","","blue, white, red, yellow","striped","loom-patterned","plainweave","","","extra fine","","From Japanese requests (Eisen) to the VOC","Nationaal Archief, Deshima, ""Japanse Eisen"", 1.04.21, 1412","Scan 57","","","https://www.nationaalarchief.nl/onderzoeken/archief/1.04.21/invnr/1412/file/NL-HaNA_1.04.21_1412_57","","","","1819","NL-HaNA_1.04.21_1412_57-C","mat_267.jpeg",""
"mat_0269","taffachelas_21","taffachelas","taffacelas beblokte van dit jaar","","red, white, blue","checkered","loom-patterned","","","","","","From Japanese requests (Eisen) to the VOC","Nationaal Archief, Deshima, ""Japanse Eisen"", 1.04.21, 1412","Scan 57","","","https://www.nationaalarchief.nl/onderzoeken/archief/1.04.21/invnr/1412/file/NL-HaNA_1.04.21_1412_57","","","","1819","NL-HaNA_1.04.21_1412_57-E","mat_269.jpeg",""
"mat_0270","taffachelas_22","taffachelas","taffacelas beblokte van dit jaar","","blue, white, yellow","checkered","loom-patterned","","","","","","From Japanese requests (Eisen) to the VOC","Nationaal Archief, Deshima, ""Japanse Eisen"", 1.04.21, 1412","Scan 57","","","https://www.nationaalarchief.nl/onderzoeken/archief/1.04.21/invnr/1412/file/NL-HaNA_1.04.21_1412_57","","","","1819","NL-HaNA_1.04.21_1412_57-F","mat_270.jpeg",""
"mat_0273","taffachelas_23","taffachelas","taffacelassen extra fijn geblokte 1ste zoort","","red, white, blue","checkered","loom-patterned","","","","extra fine","","From Japanese requests (Eisen) to the VOC","Nationaal Archief, Deshima, ""Japanse Eisen"", 1.04.21, 1413","Scan 3","","","https://www.nationaalarchief.nl/onderzoeken/archief/1.04.21/invnr/1413/file/NL-HaNA_1.04.21_1413_03","","","","1820","NL-HaNA_1.04.21_1413_03-A","mat_273.jpeg",""
"mat_0274","taffachelas_24","taffachelas","taffachelassen verbeterde 2de Zoort","","blue, red, yellow","striped","loom-patterned","plainweave","","","","","From Japanese requests (Eisen) to the VOC","Nationaal Archief, Deshima, ""Japanse Eisen"", 1.04.21, 1413","Scan 3","","","https://www.nationaalarchief.nl/onderzoeken/archief/1.04.21/invnr/1413/file/NL-HaNA_1.04.21_1413_03","","","","1820","NL-HaNA_1.04.21_1413_03-B","mat_274.jpeg",""
"mat_0275","taffachelas_25","taffachelas","taffachelassen extra fijn 2de Zoort","","blue, white, red, yellow","striped","loom-patterned","plainweave","","","extra fine","","From Japanese requests (Eisen) to the VOC","Nationaal Archief, Deshima, ""Japanse Eisen"", 1.04.21, 1413","Scan 3","","","https://www.nationaalarchief.nl/onderzoeken/archief/1.04.21/invnr/1413/file/NL-HaNA_1.04.21_1413_03","","","","1820","NL-HaNA_1.04.21_1413_03-C","mat_275.jpeg",""
"mat_0290","condrek_noDTTPdata_01","","condrek","","white, yellow, blue, red","striped","loom-patterned","plainweave","","","","","From Japanese requests (Eisen) to the VOC","Nationaal Archief, Deshima, ""Japanse Eisen"", 1.04.21, 1414A","Scan 18","","","https://www.nationaalarchief.nl/onderzoeken/archief/1.04.21/invnr/1414A/file/NL-HaNA_1.04.21_1414A_18","","","","1821","NL-HaNA_1.04.21_1414A_18-A","mat_290.jpeg",""
"mat_0300","taffachelas_27","taffachelas","taffachelassen ordinair van beste grond met streep","","blue, yellow","striped","loom-patterned","plainweave","","","ordinary","","From Japanese requests (Eisen) to the VOC","Nationaal Archief, Deshima, ""Japanse Eisen"", 1.04.21, 1418","Scan 11","","","https://www.nationaalarchief.nl/onderzoeken/archief/1.04.21/invnr/1418/file/NL-HaNA_1.04.21_1418_11","","","","1825","NL-HaNA_1.04.21_1418_11-A","mat_300.jpeg",""
"mat_0301","tappeserassa_noDTTPdata_01","","tappeserassen","","blue, white, tan","striped","loom-patterned","plainweave","","","","","From Japanese requests (Eisen) to the VOC","Nationaal Archief, Deshima, ""Japanse Eisen"", 1.04.21, 1422","Scan 14","","","https://www.nationaalarchief.nl/onderzoeken/archief/1.04.21/invnr/1422/file/NL-HaNA_1.04.21_1422_14","","","","1829","NL-HaNA_1.04.21_1422_14-A","mat_301.jpeg","what is its relation to taffachelas and serassen?"
"mat_0145","gellassen_noDTTPdata_01","","gellassen","","blue, red, white","striped","loom-patterned, ikat","plainweave","","","","","Swatchbook carried on the ship De Vrouwe Maria Geertruida, travelling from the Dutch Republic to the west coast of Africa","Nationaal Archief, West India Company Archive, nr. 179, Documents from the 1788 journey of the Vrouwe Maria Geertruida","No. 17","no.17","scanned image","https://www.nationaalarchief.nl/en/research/archive/1.05.01.02/invnr/179/file/NL-HaNA_1.05.01.02_179_0005","","","","1788","NL-HaNA_1.05.01.02_179_0005-no.17.jpeg","mat_145.jpeg",""
"mat_0147","gingham_06","gingham","France gingans van Pondicherij","","white, blue","striped","loom-patterned, ikat","plainweave","","Pondicherry","","","Swatchbook carried on the ship De Vrouwe Maria Geertruida, travelling from the Dutch Republic to the west coast of Africa","Nationaal Archief, West India Company Archive, nr. 179, Documents from the 1788 journey of the Vrouwe Maria Geertruida","No. 19","no.19","scanned image","https://www.nationaalarchief.nl/en/research/archive/1.05.01.02/invnr/179/file/NL-HaNA_1.05.01.02_179_0005","","","","1788","NL-HaNA_1.05.01.02_179_0005-no.19.jpeg","mat_147.jpeg",""
"mat_0001","silkstuffs_01","silk stuffs","","","white","floral","painted","satin","silk","China","","","","Art Institute of Chicago","Acc. nr. 1995.74","1995.74","https://www.artic.edu/artworks/137013/panel-from-a-skirt","","","","China","1701-1800","AIC1995.74.jpg","mat_001.jpg",""
"mat_0108","chintzkalamkari_001","chintz/kalamkari","","chintz","white, red","figural","painted, resist-dyed","plainweave","cotton","India","","","","Metropolitan Museum of Art","Acc. nr. 1992.82","1992.82","https://www.metmuseum.org/art/collection/search/229993","","","Coromandel","India","3rd quarter 18th century","Met1992.82.jpg","mat_108.jpg",""
"mat_0159","chintzkalamkari_003","chintz/kalamkari","","chintz hat lining","blue, red, green, white","floral","painted, resist-dyed","plainweave","cotton","Northwest India","","","","Rijksmuseum","Obj. nr. BK-1963-81","BK-1963-81","mk photo","http://hdl.handle.net/10934/RM0001.COLLECT.23193","","","","c. 1680","RijksBK-1963-81(mk).jpeg","mat_159.jpeg",""
"mat_0160","chintzkalamkari_004","chintz/kalamkari","","chintz fragment","white, red, green, purple, pink","floral","painted, resist-dyed","plainweave","cotton","","","","","Rijksmuseum","Obj. nr. BK-1976-134 ","BK-1976-134 ","mk photo","","","","","1775","RijksBK-1976-134(mk).jpeg","mat_160.jpeg",""
"mat_0161","tapis_01","tapis","","tapis or hipcloth","red, black, natural","geometric, floral","painted, resist-dyed","plainweave","cotton","India","","","","Rijksmuseum","Obj. nr. BK-1982-106","BK-1982-106","mk photo","http://hdl.handle.net/10934/RM0001.COLLECT.20092","","","","18th century","RijksBK-1982-106(mk).jpeg","mat_161.jpeg",""
"mat_0163","chintzkalamkari_005","chintz/kalamkari","","chintz fragment","white, red, purple, blue, yellow","floral","painted, resist-dyed","plainweave","cotton","India","","","","Rijksmuseum","Obj. nr. BK-KOG-2609-B","BK-KOG-2609-B","mk photo","http://hdl.handle.net/10934/RM0001.COLLECT.469137 ","","","","c. 1750","RijksBK-KOG-2609-B(mk).jpeg","mat_163.jpeg",""
"mat_0169","palempore_01","palempore","","palempore","white, red","floral","painted, resist-dyed","plainweave","cotton","India","","","","Victoria and Albert Museum","Acc. nr. IS.39-1950","IS.39-1950","http://collections.vam.ac.uk/item/O481960/palampore-unknown/","","","","South India","early 18th century","VAIS.39.1950.jpg","mat_169.jpg",""
"mat_0165","chintzkalamkari_010","chintz/kalamkari","","chintz fragment","purple, white, red, green, pink, gold","floral","painted, resist-dyed","plainweave","cotton","","","","","Rijksmuseum","","","mk photo","","","","","","RijksChintz?(mk).jpeg","mat_165.jpeg",""
"mat_0178","chintzkalamkari_011","chintz/kalamkari","chitzen beste sort","","red, purple, white","floral","painted, resist-dyed","plainweave","cotton","India","best","","From Japanese requests (Eisen) to the VOC","Nationaal Archief, Deshima, ""Japanse Eisen"", 1.04.21, 1409","Scan 6","","","https://www.nationaalarchief.nl/onderzoeken/archief/1.04.21/invnr/1409/file/NL-HaNA_1.04.21_1409_06","","","","1813","NL-HaNA_1.04.21_1409_06-A","mat_178.jpeg",""
"mat_0179","chintzkalamkari_012","chintz/kalamkari","chitzen beste sort","","yellow, red, white","floral","painted, resist-dyed","plainweave","cotton","India","best","","From Japanese requests (Eisen) to the VOC","Nationaal Archief, Deshima, ""Japanse Eisen"", 1.04.21, 1409","Scan 6","","","https://www.nationaalarchief.nl/onderzoeken/archief/1.04.21/invnr/1409/file/NL-HaNA_1.04.21_1409_06","","","","1813","NL-HaNA_1.04.21_1409_06-B","mat_179.jpeg",""
"mat_0180","chintzkalamkari_013","chintz/kalamkari","chitzen beste sort","","red, blue, white","","painted, resist-dyed","plainweave","cotton","India","best","","From Japanese requests (Eisen) to the VOC","Nationaal Archief, Deshima, ""Japanse Eisen"", 1.04.21, 1409","Scan 6","","","https://www.nationaalarchief.nl/onderzoeken/archief/1.04.21/invnr/1409/file/NL-HaNA_1.04.21_1409_06","","","","1813","NL-HaNA_1.04.21_1409_06-C","mat_180.jpeg",""
"mat_0181","chintzkalamkari_014","chintz/kalamkari","chitzen beste sort","","white, green, purple","","painted, resist-dyed","plainweave","cotton","India","best","","From Japanese requests (Eisen) to the VOC","Nationaal Archief, Deshima, ""Japanse Eisen"", 1.04.21, 1409","Scan 6","","","https://www.nationaalarchief.nl/onderzoeken/archief/1.04.21/invnr/1409/file/NL-HaNA_1.04.21_1409_06","","","","1813","NL-HaNA_1.04.21_1409_06-D","mat_181.jpeg",""
"mat_0182","chintzkalamkari_015","chintz/kalamkari","chitzen beste sort","","red, yellow, white, blue","floral","painted, resist-dyed","plainweave","cotton","India","best","","From Japanese requests (Eisen) to the VOC","Nationaal Archief, Deshima, ""Japanse Eisen"", 1.04.21, 1409","Scan 6","","","https://www.nationaalarchief.nl/onderzoeken/archief/1.04.21/invnr/1409/file/NL-HaNA_1.04.21_1409_06","","","","1813","NL-HaNA_1.04.21_1409_06-E","mat_182.jpeg",""
"mat_0183","chintzkalamkari_016","chintz/kalamkari","chitzen beste sort","","green, yellow, red","","painted, resist-dyed","plainweave","cotton","India","best","","From Japanese requests (Eisen) to the VOC","Nationaal Archief, Deshima, ""Japanse Eisen"", 1.04.21, 1409","Scan 6","","","https://www.nationaalarchief.nl/onderzoeken/archief/1.04.21/invnr/1409/file/NL-HaNA_1.04.21_1409_06","","","","1813","NL-HaNA_1.04.21_1409_06-F.jpeg","mat_183.jpeg",""
"mat_0059","perpetuanen_02","perpetuanen","Hollandsche store perpetuane","","blue","plain","piece-dyed","twill?","","Holland","","","Sample book from Danish Guinea, with swatches and notes","Denmark Rigsarkivet, Vestindisk-Guineisk Kompagni, Direktionen, Breve og dokumenter fra Guinea, 1722-1731","Scan 82","82","scanned image","https://www.sa.dk/ao-soegesider/da/billedviser?epid=20202279#292914,59112926","","","","1727","Denmark-Guinea-82 Holland perpetuana-mk.jpeg","mat_059.jpeg","hard to tell even on the magnification if it's twill. Likely felted"
"mat_0069","armosynen_01","armosynen","armosin","","red","plain","piece-dyed","plainweave","silk","","","","Sample book from Danish Guinea, with swatches and notes","Denmark Rigsarkivet, Vestindisk-Guineisk Kompagni, Direktionen, Breve og dokumenter fra Guinea, 1722-1731","Scan 78, sample 6","78-6","scanned image","https://www.sa.dk/ao-soegesider/da/billedviser?epid=20202279#292914,59112922","","","","1727","Denmark-Guinea-78-6 armosijn-mk.jpeg","mat_069.jpeg",""
"mat_0070","armosynen_02","armosynen","armosin","","red","plain","piece-dyed","plainweave","silk","","","","Sample book from Danish Guinea, with swatches and notes","Denmark Rigsarkivet, Vestindisk-Guineisk Kompagni, Direktionen, Breve og dokumenter fra Guinea, 1722-1731","Scan 78, sample 7","78-7","scanned image","https://www.sa.dk/ao-soegesider/da/billedviser?epid=20202279#292914,59112922","","","","1727","Denmark-Guinea-78-7 armosijn-mk.jpeg","mat_070.jpeg",""
"mat_0087","salempores_01","salempores","salempuris","","blue","plain","piece-dyed","plainweave","cotton","","","","Sample book from Danish Guinea, with swatches and notes","Denmark Rigsarkivet, Vestindisk-Guineisk Kompagni, Direktionen, Breve og dokumenter fra Guinea, 1722-1731","Scan 81, sample 6","81-6","scanned image","https://www.sa.dk/ao-soegesider/da/billedviser?epid=20202279#292914,59112925","","","","1727","Denmark-Guinea-81-6 salempuris-mk.jpeg","mat_087.jpeg",""
"mat_0088","salempores_02","salempores","salempuris","","blue","plain","piece-dyed","plainweave","cotton","","","","Sample book from Danish Guinea, with swatches and notes","Denmark Rigsarkivet, Vestindisk-Guineisk Kompagni, Direktionen, Breve og dokumenter fra Guinea, 1722-1731","Scan 81, sample 7","81-7","scanned image","https://www.sa.dk/ao-soegesider/da/billedviser?epid=20202279#292914,59112925","","","","1727","Denmark-Guinea-81-7 salempuris-mk.jpeg","mat_088.jpeg",""
"mat_0089","garsi_noDTTPdata_01","","blaae garsi","","blue","plain","piece-dyed","plainweave","cotton","","","","Sample book from Danish Guinea, with swatches and notes","Denmark Rigsarkivet, Vestindisk-Guineisk Kompagni, Direktionen, Breve og dokumenter fra Guinea, 1722-1731","Scan 81, sample 8","81-8","scanned image","https://www.sa.dk/ao-soegesider/da/billedviser?epid=20202279#292914,59112925","","","","1727","Denmark-Guinea-81-8 blue garli-mk-mag.jpeg","mat_089.jpeg",""
"mat_0071","saai_01","saai","prince say","","blue","plain","piece-dyed, felted","twill","","","","","Sample book from Danish Guinea, with swatches and notes","Denmark Rigsarkivet, Vestindisk-Guineisk Kompagni, Direktionen, Breve og dokumenter fra Guinea, 1722-1731","Scan 79, sample 1","79-1","scanned image","https://www.sa.dk/ao-soegesider/da/billedviser?epid=20202279#292914,59112923","","","","1727","Denmark-Guinea-79-1 Prince Say-mk.jpeg","mat_071.jpeg","felted?"
"mat_0072","saai_02","saai","engelsche asfuur say","","blue","plain","piece-dyed, felted","twill","","England","","","Sample book from Danish Guinea, with swatches and notes","Denmark Rigsarkivet, Vestindisk-Guineisk Kompagni, Direktionen, Breve og dokumenter fra Guinea, 1722-1731","Scan 79, sample 2","79-2","scanned image","https://www.sa.dk/ao-soegesider/da/billedviser?epid=20202279#292914,59112923","","","","1727","Denmark-Guinea-79-2 English Asluur Say-mk-mag.jpeg","mat_072.jpeg","felted?"
"mat_0073","perpetuanen_01","perpetuanen","engelsche store perpetuaner","","blue","plain","piece-dyed, felted","twill","","England","","","Sample book from Danish Guinea, with swatches and notes","Denmark Rigsarkivet, Vestindisk-Guineisk Kompagni, Direktionen, Breve og dokumenter fra Guinea, 1722-1731","Scan 79, sample 3","79-3","scanned image","https://www.sa.dk/ao-soegesider/da/billedviser?epid=20202279#292914,59112923","","","","1727","Denmark-Guinea-79-3 English Perpetuana-mk.jpeg","mat_073.jpeg","felted?"
"mat_0009","noDTTPdata_02","","royal checks","","blue, white, red","checkered","printed","plainweave","cotton","","","","East Indian textiles samples, purchased in London, from the collection of the Danish Trade Company for Manufactures","Denmark Rigsarkivet, Den Kongelige Dansk Manufakturhandel, 379: Diverse ostindiske klædevareprøver, 1788-1817","Scans 16-17","16-17","scanned image","https://www.sa.dk/ao-soegesider/da/billedviser?epid=23157380#511608,89149929","","","","1820s","DRA379-17-royalchecks.jpeg","mat_009.jpeg",""
"mat_0010","noDTTPdata_03","","satin stripes","","blue, white","striped","printed","plainweave","cotton","","","","East Indian textiles samples, purchased in London, from the collection of the Danish Trade Company for Manufactures","Denmark Rigsarkivet, Den Kongelige Dansk Manufakturhandel, 379: Diverse ostindiske klædevareprøver, 1788-1817","Scans 18-19","18-19","scanned image","https://www.sa.dk/ao-soegesider/da/billedviser?epid=23157380#511608,89149931","","","","1820s","DRA379-19-satinstripes.jpeg","mat_010.jpeg",""
"mat_0011","noDTTPdata_04","","two blue","","blue (dark blue), blue, white","checkered","printed","plainweave","cotton","","","","East Indian textiles samples, purchased in London, from the collection of the Danish Trade Company for Manufactures","Denmark Rigsarkivet, Den Kongelige Dansk Manufakturhandel, 379: Diverse ostindiske klædevareprøver, 1788-1817","Scans 20-21","20-21","scanned image","https://www.sa.dk/ao-soegesider/da/billedviser?epid=23157380#511608,89149933","","","","1820s","DRA379-21-two blue.jpeg","mat_011.jpeg",""
"mat_0014","chintzkalamkari_002","chintz/kalamkari","chintz","","white, blue (light blue), multiple","floral","printed","plainweave","","","","","East Indian textiles samples, purchased in London, from the collection of the Danish Trade Company for Manufactures","Denmark Rigsarkivet, Den Kongelige Dansk Manufakturhandel, 379: Diverse ostindiske klædevareprøver, 1788-1817","Scans 26-27","26-27","scanned image","https://www.sa.dk/ao-soegesider/da/billedviser?epid=23157380#511608,89149939","","","","1820s","DRA379-27-chintz.jpeg","mat_014.jpeg",""
"mat_0019","neusdoeken_01","neusdoeken","cotton handkerchieffs","","white, red, blue, yellow, green","floral","printed","plainweave","cotton","","","","East Indian textiles samples, purchased in London, from the collection of the Danish Trade Company for Manufactures","Denmark Rigsarkivet, Den Kongelige Dansk Manufakturhandel, 379: Diverse ostindiske klædevareprøver, 1788-1817","Scans 36-37","36-37","scanned image","https://www.sa.dk/ao-soegesider/da/billedviser?epid=23157380#511608,89149949","","","","1820s","DRA379-37-Handkerchief.jpeg","mat_019.jpeg",""
"mat_0105","cartuner_noDTTPdata_01","","engelsche cartuner","","blue, purple, red, white","floral","printed","plainweave","cotton","England","","","Sample book from Danish Guinea, with swatches and notes","Denmark Rigsarkivet, Vestindisk-Guineisk Kompagni, Direktionen, Breve og dokumenter fra Guinea, 1722-1731","Scan 85, sample 6","85-6","scanned image","https://www.sa.dk/ao-soegesider/da/billedviser?epid=20202279#292914,59112929","","","","1727","Denmark-Guinea-85-6 english Cartuner-mk.jpeg","mat_105.jpeg",""
"mat_0137","chintzkalamkari_007","chintz/kalamkari","inlandse chitsen witte grond","","white, red, black","floral","printed","plainweave","cotton","native","","","Swatchbook carried on the ship De Vrouwe Maria Geertruida, travelling from the Dutch Republic to the west coast of Africa","Nationaal Archief, West India Company Archive, nr. 179, Documents from the 1788 journey of the Vrouwe Maria Geertruida","No. 1","no.1","scanned image","https://www.nationaalarchief.nl/en/research/archive/1.05.01.02/invnr/179/file/NL-HaNA_1.05.01.02_179_0002","","","","1788","NL-HaNA_1.05.01.02_179_0002-no.1.jpeg","mat_137.jpeg",""
"mat_0148","chintzkalamkari_008","chintz/kalamkari","inlandse chitsen persse grond","","purple, black","geometric","printed","plainweave","cotton","native","","","Swatchbook carried on the ship De Vrouwe Maria Geertruida, travelling from the Dutch Republic to the west coast of Africa","Nationaal Archief, West India Company Archive, nr. 179, Documents from the 1788 journey of the Vrouwe Maria Geertruida","No. 2","no.2","scanned image","https://www.nationaalarchief.nl/en/research/archive/1.05.01.02/invnr/179/file/NL-HaNA_1.05.01.02_179_0002","","","","1788","NL-HaNA_1.05.01.02_179_0002-no.2.jpeg","mat_148.jpeg",""
"mat_0152","chintzkalamkari_009","chintz/kalamkari","inlandse chitsen roode grond","","red, white, black","floral","printed","plainweave","cotton","native","","","Swatchbook carried on the ship De Vrouwe Maria Geertruida, travelling from the Dutch Republic to the west coast of Africa","Nationaal Archief, West India Company Archive, nr. 179, Documents from the 1788 journey of the Vrouwe Maria Geertruida","No. 3","no.3","scanned image","https://www.nationaalarchief.nl/en/research/archive/1.05.01.02/invnr/179/file/NL-HaNA_1.05.01.02_179_0002","","","","1788","NL-HaNA_1.05.01.02_179_0002-no.3.jpeg","mat_152.jpeg",""
"mat_0177","noDTTPdata_09","","","","black, white","checkered","printed","plainweave","","Europe","","","From a letter to the directors of the Middelburgsche Commercie Compagnie","Zeeuws Archief, Middelburgsche Commercie Compagnie (MCC), 70.8, Incoming correspondence, Rotterdam, 1721-1888","Scan 51","","mk photo","https://hdl.handle.net/21.12113/2F8FDCA2438E43259ADD88DCE3F0F613","","","","1756","MCC,70.8,51.jpeg","mat_177.jpeg",""
"mat_0109","noDTTPdata_05","","","","white, gold","floral","printed, embroidered","plainweave","cotton","India","","","","Metropolitan Museum of Art","Acc. nr. 2015.796.36","2015.796.36","https://www.metmuseum.org/art/collection/search/698671","","","","India","18th century","Met2015.796.36.jpg","mat_109.jpg",""
"mat_0167","noDTTPdata_06","","","","white, green, yellow, red","floral","printed, resist-dyed","plainweave","cotton","India","","","","Victoria and Albert Museum","Acc. nr. IS.102-1948","IS.102-1948","http://collections.vam.ac.uk/item/O455712/length-of-cotton-unknown/","","","","South-east India","18th century","VAIS.102.1948.jpg","mat_167.jpg",""
"mat_0184","chintzkalamkari_017","chintz/kalamkari","vaderlandse chitzen, lang en breed","","brown, orange","floral","printed, resist-dyed","plainweave","cotton","Netherlands","","","From Japanese requests (Eisen) to the VOC","Nationaal Archief, Deshima, ""Japanse Eisen"", 1.04.21, 1409","Scan 6","","","https://www.nationaalarchief.nl/onderzoeken/archief/1.04.21/invnr/1409/file/NL-HaNA_1.04.21_1409_06","","","","1813","NL-HaNA_1.04.21_1409_06-G","mat_184.jpeg",""
"mat_0185","chintzkalamkari_018","chintz/kalamkari","vaderlandse chitzen, lang en breed","","brown, black, yellow","dots","printed, resist-dyed","plainweave","cotton","Netherlands","","","From Japanese requests (Eisen) to the VOC","Nationaal Archief, Deshima, ""Japanse Eisen"", 1.04.21, 1409","Scan 6","","","https://www.nationaalarchief.nl/onderzoeken/archief/1.04.21/invnr/1409/file/NL-HaNA_1.04.21_1409_06","","","","1813","NL-HaNA_1.04.21_1409_06-H","mat_185.jpeg",""
"mat_0186","chintzkalamkari_019","chintz/kalamkari","vaderlandse chitzen, lang en breed","","brown, white","geometric","printed, resist-dyed","plainweave","cotton","Netherlands","","","From Japanese requests (Eisen) to the VOC","Nationaal Archief, Deshima, ""Japanse Eisen"", 1.04.21, 1409","Scan 6","","","https://www.nationaalarchief.nl/onderzoeken/archief/1.04.21/invnr/1409/file/NL-HaNA_1.04.21_1409_06","","","","1813","NL-HaNA_1.04.21_1409_06-I","mat_186.jpeg",""
"mat_0187","chintzkalamkari_020","chintz/kalamkari","vaderlandse chitzen, lang en breed","","red, yellow","floral","printed, resist-dyed","plainweave","cotton","Netherlands","","","From Japanese requests (Eisen) to the VOC","Nationaal Archief, Deshima, ""Japanse Eisen"", 1.04.21, 1409","Scan 6","","","https://www.nationaalarchief.nl/onderzoeken/archief/1.04.21/invnr/1409/file/NL-HaNA_1.04.21_1409_06","","","","1813","NL-HaNA_1.04.21_1409_06-J","mat_187.jpeg",""
"mat_0188","chintzkalamkari_021","chintz/kalamkari","vaderlandse chitzen, lang en breed","","red, yellow","floral","printed, resist-dyed","plainweave","cotton","Netherlands","","","From Japanese requests (Eisen) to the VOC","Nationaal Archief, Deshima, ""Japanse Eisen"", 1.04.21, 1409","Scan 6","","","https://www.nationaalarchief.nl/onderzoeken/archief/1.04.21/invnr/1409/file/NL-HaNA_1.04.21_1409_06","","","","1813","NL-HaNA_1.04.21_1409_06-K","mat_188.jpeg",""
"mat_0189","chintzkalamkari_022","chintz/kalamkari","vaderlandse chitzen, lang en breed","","red, yellow","geometric","printed, resist-dyed","plainweave","cotton","Netherlands","","","From Japanese requests (Eisen) to the VOC","Nationaal Archief, Deshima, ""Japanse Eisen"", 1.04.21, 1409","Scan 6","","","https://www.nationaalarchief.nl/onderzoeken/archief/1.04.21/invnr/1409/file/NL-HaNA_1.04.21_1409_06","","","","1813","NL-HaNA_1.04.21_1409_06-L","mat_189.jpeg",""
"mat_0190","chintzkalamkari_023","chintz/kalamkari","vaderlandse chitzen, lang en breed","","green, black, white","geometric, floral","printed, resist-dyed","plainweave","cotton","Netherlands","","","From Japanese requests (Eisen) to the VOC","Nationaal Archief, Deshima, ""Japanse Eisen"", 1.04.21, 1409","Scan 6","","","https://www.nationaalarchief.nl/onderzoeken/archief/1.04.21/invnr/1409/file/NL-HaNA_1.04.21_1409_06","","","","1813","NL-HaNA_1.04.21_1409_06-M","mat_190.jpeg",""
"mat_0191","chintzkalamkari_024","chintz/kalamkari","vaderlandse chitzen, lang en breed","","black, red, tan","","printed, resist-dyed","plainweave","cotton","Netherlands","","","From Japanese requests (Eisen) to the VOC","Nationaal Archief, Deshima, ""Japanse Eisen"", 1.04.21, 1409","Scan 6","","","https://www.nationaalarchief.nl/onderzoeken/archief/1.04.21/invnr/1409/file/NL-HaNA_1.04.21_1409_06","","","","1813","NL-HaNA_1.04.21_1409_06-N","mat_191.jpeg",""
"mat_0192","chintzkalamkari_025","chintz/kalamkari","vaderlandse chitzen, lang en breed","","green, red, yellow","geometric, floral","printed, resist-dyed","plainweave","cotton","Netherlands","","","From Japanese requests (Eisen) to the VOC","Nationaal Archief, Deshima, ""Japanse Eisen"", 1.04.21, 1409","Scan 6","","","https://www.nationaalarchief.nl/onderzoeken/archief/1.04.21/invnr/1409/file/NL-HaNA_1.04.21_1409_06","","","","1813","NL-HaNA_1.04.21_1409_06-O","mat_192.jpeg",""
"mat_0193","chintzkalamkari_026","chintz/kalamkari","vaderlandse chitzen, lang en breed","","blue, white, red, green","checkered","printed, resist-dyed","plainweave","cotton","Netherlands","","","From Japanese requests (Eisen) to the VOC","Nationaal Archief, Deshima, ""Japanse Eisen"", 1.04.21, 1409","Scan 6","","","https://www.nationaalarchief.nl/onderzoeken/archief/1.04.21/invnr/1409/file/NL-HaNA_1.04.21_1409_06","","","","1813","NL-HaNA_1.04.21_1409_06-P","mat_193.jpeg",""
"mat_0194","chintzkalamkari_027","chintz/kalamkari","vaderlandse chitzen, lang en breed","","purple, white, tan","geometric, floral","printed, resist-dyed","plainweave","cotton","Netherlands","","","From Japanese requests (Eisen) to the VOC","Nationaal Archief, Deshima, ""Japanse Eisen"", 1.04.21, 1409","Scan 6","","","https://www.nationaalarchief.nl/onderzoeken/archief/1.04.21/invnr/1409/file/NL-HaNA_1.04.21_1409_06","","","","1813","NL-HaNA_1.04.21_1409_06-Q","mat_194.jpeg",""
"mat_0195","chintzkalamkari_028","chintz/kalamkari","vaderlandse chitzen, lang en breed","","brown, tan","floral","printed, resist-dyed","plainweave","cotton","Netherlands","","","From Japanese requests (Eisen) to the VOC","Nationaal Archief, Deshima, ""Japanse Eisen"", 1.04.21, 1409","Scan 6","","","https://www.nationaalarchief.nl/onderzoeken/archief/1.04.21/invnr/1409/file/NL-HaNA_1.04.21_1409_06","","","","1813","NL-HaNA_1.04.21_1409_06-R","mat_195.jpeg",""
"mat_0196","chintzkalamkari_029","chintz/kalamkari","chitzen beste","","blue, red, white","geometric, floral","printed, resist-dyed","plainweave","cotton","","best","","From Japanese requests (Eisen) to the VOC","Nationaal Archief, Deshima, ""Japanse Eisen"", 1.04.21, 1409","Scan 23","","","https://www.nationaalarchief.nl/onderzoeken/archief/1.04.21/invnr/1409/file/NL-HaNA_1.04.21_1409_23","","","","1813","NL-HaNA_1.04.21_1409_23-A","mat_196.jpeg",""
"mat_0197","chintzkalamkari_030","chintz/kalamkari","chitzen beste","","red, yellow, white, green","floral","printed, resist-dyed","plainweave","cotton","","best","","From Japanese requests (Eisen) to the VOC","Nationaal Archief, Deshima, ""Japanse Eisen"", 1.04.21, 1409","Scan 23","","","https://www.nationaalarchief.nl/onderzoeken/archief/1.04.21/invnr/1409/file/NL-HaNA_1.04.21_1409_23","","","","1813","NL-HaNA_1.04.21_1409_23-B","mat_197.jpeg",""
"mat_0198","chintzkalamkari_031","chintz/kalamkari","chitzen beste","","red, white, black","geometric, floral","printed, resist-dyed","plainweave","cotton","","best","","From Japanese requests (Eisen) to the VOC","Nationaal Archief, Deshima, ""Japanse Eisen"", 1.04.21, 1409","Scan 23","","","https://www.nationaalarchief.nl/onderzoeken/archief/1.04.21/invnr/1409/file/NL-HaNA_1.04.21_1409_23","","","","1813","NL-HaNA_1.04.21_1409_23-C","mat_198.jpeg",""
"mat_0199","chintzkalamkari_032","chintz/kalamkari","chitz","","blue, red, white","floral","printed, resist-dyed","plainweave","cotton","","","","From Japanese requests (Eisen) to the VOC","Nationaal Archief, Deshima, ""Japanse Eisen"", 1.04.21, 1409","Scan 24","","","https://www.nationaalarchief.nl/onderzoeken/archief/1.04.21/invnr/1409/file/NL-HaNA_1.04.21_1409_24","","","","1813","NL-HaNA_1.04.21_1409_24-A","mat_199.jpeg",""
"mat_0200","chintzkalamkari_033","chintz/kalamkari","chitz","","blue, red, white","floral","printed, resist-dyed","plainweave","cotton","","","","From Japanese requests (Eisen) to the VOC","Nationaal Archief, Deshima, ""Japanse Eisen"", 1.04.21, 1409","Scan 24","","","https://www.nationaalarchief.nl/onderzoeken/archief/1.04.21/invnr/1409/file/NL-HaNA_1.04.21_1409_24","","","","1813","NL-HaNA_1.04.21_1409_24-B","mat_200.jpeg",""
"mat_0201","chintzkalamkari_034","chintz/kalamkari","chitz","","blue, red, white","floral","printed, resist-dyed","plainweave","cotton","","","","From Japanese requests (Eisen) to the VOC","Nationaal Archief, Deshima, ""Japanse Eisen"", 1.04.21, 1409","Scan 24","","","https://www.nationaalarchief.nl/onderzoeken/archief/1.04.21/invnr/1409/file/NL-HaNA_1.04.21_1409_24","","","","1813","NL-HaNA_1.04.21_1409_24-C","mat_201.jpeg",""
"mat_0216","chintzkalamkari_035","chintz/kalamkari","gepolijst vaderlandse chits","","purple, white","foliage","printed, resist-dyed","plainweave","cotton","","","","From Japanese requests (Eisen) to the VOC","Nationaal Archief, Deshima, ""Japanse Eisen"", 1.04.21, 1411","Scan 32","","","https://www.nationaalarchief.nl/onderzoeken/archief/1.04.21/invnr/1411/file/NL-HaNA_1.04.21_1411_32","","","","1818","NL-HaNA_1.04.21_1411_32-A","mat_216.jpeg",""
"mat_0217","chintzkalamkari_036","chintz/kalamkari","gepolijst vaderlandse chits","","white, red, yellow, purple, blue","floral","printed, resist-dyed","plainweave","cotton","","","","From Japanese requests (Eisen) to the VOC","Nationaal Archief, Deshima, ""Japanse Eisen"", 1.04.21, 1411","Scan 32","","","https://www.nationaalarchief.nl/onderzoeken/archief/1.04.21/invnr/1411/file/NL-HaNA_1.04.21_1411_32","","","","1818","NL-HaNA_1.04.21_1411_32-B","mat_217.jpeg",""
"mat_0218","chintzkalamkari_037","chintz/kalamkari","chitzen beste sort","","brown, orange, white","","printed, resist-dyed","plainweave","cotton","","best","","From Japanese requests (Eisen) to the VOC","Nationaal Archief, Deshima, ""Japanse Eisen"", 1.04.21, 1411","Scan 44","","","https://www.nationaalarchief.nl/onderzoeken/archief/1.04.21/invnr/1411/file/NL-HaNA_1.04.21_1411_44","","","","1818","NL-HaNA_1.04.21_1411_44-A","mat_218.jpeg",""
"mat_0219","chintzkalamkari_038","chintz/kalamkari","chitzen beste sort","","red, black, white","geometric","printed, resist-dyed","plainweave","cotton","","best","","From Japanese requests (Eisen) to the VOC","Nationaal Archief, Deshima, ""Japanse Eisen"", 1.04.21, 1411","Scan 44","","","https://www.nationaalarchief.nl/onderzoeken/archief/1.04.21/invnr/1411/file/NL-HaNA_1.04.21_1411_44","","","","1818","NL-HaNA_1.04.21_1411_44-B","mat_219.jpeg",""
"mat_0220","chintzkalamkari_039","chintz/kalamkari","chitzen beste sort","","red, black","floral, striped","printed, resist-dyed","plainweave","cotton","","best","","From Japanese requests (Eisen) to the VOC","Nationaal Archief, Deshima, ""Japanse Eisen"", 1.04.21, 1411","Scan 44","","","https://www.nationaalarchief.nl/onderzoeken/archief/1.04.21/invnr/1411/file/NL-HaNA_1.04.21_1411_44","","","","1818","NL-HaNA_1.04.21_1411_44-C","mat_220.jpeg",""
"mat_0221","chintzkalamkari_040","chintz/kalamkari","vaderlandse chitsen","","blue, red, white","floral","printed, resist-dyed","plainweave","cotton","Netherlands","","","From Japanese requests (Eisen) to the VOC","Nationaal Archief, Deshima, ""Japanse Eisen"", 1.04.21, 1412","Scan 13","","","https://www.nationaalarchief.nl/onderzoeken/archief/1.04.21/invnr/1412/file/NL-HaNA_1.04.21_1412_13","","","","1819","NL-HaNA_1.04.21_1412_13-A","mat_221.jpeg",""
"mat_0222","chintzkalamkari_041","chintz/kalamkari","vaderlandse chitsen","","blue, red, white","floral","printed, resist-dyed","plainweave","cotton","Netherlands","","","From Japanese requests (Eisen) to the VOC","Nationaal Archief, Deshima, ""Japanse Eisen"", 1.04.21, 1412","Scan 13","","","https://www.nationaalarchief.nl/onderzoeken/archief/1.04.21/invnr/1412/file/NL-HaNA_1.04.21_1412_13","","","","1819","NL-HaNA_1.04.21_1412_13-B","mat_222.jpeg",""
"mat_0223","chintzkalamkari_042","chintz/kalamkari","vaderlandse chitsen","","blue, red, white","floral","printed, resist-dyed","plainweave","cotton","Netherlands","","","From Japanese requests (Eisen) to the VOC","Nationaal Archief, Deshima, ""Japanse Eisen"", 1.04.21, 1412","Scan 13","","","https://www.nationaalarchief.nl/onderzoeken/archief/1.04.21/invnr/1412/file/NL-HaNA_1.04.21_1412_13","","","","1819","NL-HaNA_1.04.21_1412_13-C","mat_223.jpeg",""
"mat_0225","chintzkalamkari_043","chintz/kalamkari","vaderlandse chitsen met groot blommen","","blue, red, yellow, white","floral","printed, resist-dyed","plainweave","cotton","Netherlands","","","From Japanese requests (Eisen) to the VOC","Nationaal Archief, Deshima, ""Japanse Eisen"", 1.04.21, 1412","Scan 16","","","https://www.nationaalarchief.nl/onderzoeken/archief/1.04.21/invnr/1412/file/NL-HaNA_1.04.21_1412_16","","","","1819","NL-HaNA_1.04.21_1412_16-A","mat_225.jpeg",""
"mat_0226","chintzkalamkari_044","chintz/kalamkari","vaderlandse chitsen met groot blommen","","red, white, black, blue","floral","printed, resist-dyed","plainweave","cotton","Netherlands","","","From Japanese requests (Eisen) to the VOC","Nationaal Archief, Deshima, ""Japanse Eisen"", 1.04.21, 1412","Scan 16","","","https://www.nationaalarchief.nl/onderzoeken/archief/1.04.21/invnr/1412/file/NL-HaNA_1.04.21_1412_16","","","","1819","NL-HaNA_1.04.21_1412_16-B","mat_226.jpeg",""
"mat_0252","chintzkalamkari_045","chintz/kalamkari","beste chitsen","","black, white, blue, red, yellow, pink","floral","printed, resist-dyed","plainweave","","","best","","From Japanese requests (Eisen) to the VOC","Nationaal Archief, Deshima, ""Japanse Eisen"", 1.04.21, 1412","Scan 56","","","https://www.nationaalarchief.nl/onderzoeken/archief/1.04.21/invnr/1412/file/NL-HaNA_1.04.21_1412_56","","","","1819","NL-HaNA_1.04.21_1412_56-S","mat_252.jpeg",""
"mat_0253","chintzkalamkari_046","chintz/kalamkari","beste chitsen","","white, red, yellow, blue, purple","floral","printed, resist-dyed","plainweave","","","best","","From Japanese requests (Eisen) to the VOC","Nationaal Archief, Deshima, ""Japanse Eisen"", 1.04.21, 1412","Scan 56","","","https://www.nationaalarchief.nl/onderzoeken/archief/1.04.21/invnr/1412/file/NL-HaNA_1.04.21_1412_56","","","","1819","NL-HaNA_1.04.21_1412_56-T","mat_253.jpeg",""
"mat_0254","chintzkalamkari_047","chintz/kalamkari","beste chitsen","","white, tan, red, yellow","geometric","printed, resist-dyed","plainweave","","","best","","From Japanese requests (Eisen) to the VOC","Nationaal Archief, Deshima, ""Japanse Eisen"", 1.04.21, 1412","Scan 56","","","https://www.nationaalarchief.nl/onderzoeken/archief/1.04.21/invnr/1412/file/NL-HaNA_1.04.21_1412_56","","","","1819","NL-HaNA_1.04.21_1412_56-U","mat_254.jpeg",""
"mat_0255","chintzkalamkari_048","chintz/kalamkari","chitsen patanas","","red, white, black","floral","printed, resist-dyed","plainweave","","Bengal (Patna)","","","From Japanese requests (Eisen) to the VOC","Nationaal Archief, Deshima, ""Japanse Eisen"", 1.04.21, 1412","Scan 56","","","https://www.nationaalarchief.nl/onderzoeken/archief/1.04.21/invnr/1412/file/NL-HaNA_1.04.21_1412_56","","","","1819","NL-HaNA_1.04.21_1412_56-V","mat_255.jpeg",""
"mat_0256","chintzkalamkari_049","chintz/kalamkari","chitsen patanas","","red, white, black","floral","printed, resist-dyed","plainweave","","Bengal (Patna)","","","From Japanese requests (Eisen) to the VOC","Nationaal Archief, Deshima, ""Japanse Eisen"", 1.04.21, 1412","Scan 56","","","https://www.nationaalarchief.nl/onderzoeken/archief/1.04.21/invnr/1412/file/NL-HaNA_1.04.21_1412_56","","","","1819","NL-HaNA_1.04.21_1412_56-W.jpeg","mat_256.jpeg",""
"mat_0257","chintzkalamkari_050","chintz/kalamkari","chitsen patanas","","red, tan, black","floral","printed, resist-dyed","plainweave","","Bengal (Patna)","","","From Japanese requests (Eisen) to the VOC","Nationaal Archief, Deshima, ""Japanse Eisen"", 1.04.21, 1412","Scan 56","","","https://www.nationaalarchief.nl/onderzoeken/archief/1.04.21/invnr/1412/file/NL-HaNA_1.04.21_1412_56","","","","1819","NL-HaNA_1.04.21_1412_56-X","mat_257.jpeg",""
"mat_0258","chintzkalamkari_051","chintz/kalamkari","chitsen patanas","","red, tan, black","geometric","printed, resist-dyed","plainweave","","Bengal (Patna)","","","From Japanese requests (Eisen) to the VOC","Nationaal Archief, Deshima, ""Japanse Eisen"", 1.04.21, 1412","Scan 56","","","https://www.nationaalarchief.nl/onderzoeken/archief/1.04.21/invnr/1412/file/NL-HaNA_1.04.21_1412_56","","","","1819","NL-HaNA_1.04.21_1412_56-Y","mat_258.jpeg",""
"mat_0259","chintzkalamkari_052","chintz/kalamkari","chitsen patanas","","red, white, black","floral","printed, resist-dyed","plainweave","","Bengal (Patna)","","","From Japanese requests (Eisen) to the VOC","Nationaal Archief, Deshima, ""Japanse Eisen"", 1.04.21, 1412","Scan 56","","","https://www.nationaalarchief.nl/onderzoeken/archief/1.04.21/invnr/1412/file/NL-HaNA_1.04.21_1412_56","","","","1819","NL-HaNA_1.04.21_1412_56-Z","mat_259.jpeg",""
"mat_0260","chintzkalamkari_053","chintz/kalamkari","bengaalse chitts","","white, yellow, tan, black, pink","geometric","printed, resist-dyed","plainweave","","Bengal","","","From Japanese requests (Eisen) to the VOC","Nationaal Archief, Deshima, ""Japanse Eisen"", 1.04.21, 1412","Scan 56","","","https://www.nationaalarchief.nl/onderzoeken/archief/1.04.21/invnr/1412/file/NL-HaNA_1.04.21_1412_56","","","","1819","NL-HaNA_1.04.21_1412_56-AA","mat_260.jpeg",""
"mat_0261","chintzkalamkari_054","chintz/kalamkari","bengaalse chitts","","white, yellow, tan, black","geometric","printed, resist-dyed","plainweave","","Bengal","","","From Japanese requests (Eisen) to the VOC","Nationaal Archief, Deshima, ""Japanse Eisen"", 1.04.21, 1412","Scan 56","","","https://www.nationaalarchief.nl/onderzoeken/archief/1.04.21/invnr/1412/file/NL-HaNA_1.04.21_1412_56","","","","1819","NL-HaNA_1.04.21_1412_56-AB","mat_261.jpeg",""
"mat_0262","chintzkalamkari_055","chintz/kalamkari","bengaalse chitts","","white, black, green","geometric, floral","printed, resist-dyed","plainweave","","Bengal","","","From Japanese requests (Eisen) to the VOC","Nationaal Archief, Deshima, ""Japanse Eisen"", 1.04.21, 1412","Scan 56","","","https://www.nationaalarchief.nl/onderzoeken/archief/1.04.21/invnr/1412/file/NL-HaNA_1.04.21_1412_56","","","","1819","NL-HaNA_1.04.21_1412_56-AC","mat_262.jpeg",""
"mat_0263","chintzkalamkari_056","chintz/kalamkari","bengaalse chitts","","white, yellow, black","geometric","printed, resist-dyed","plainweave","","Bengal","","","From Japanese requests (Eisen) to the VOC","Nationaal Archief, Deshima, ""Japanse Eisen"", 1.04.21, 1412","Scan 56","","","https://www.nationaalarchief.nl/onderzoeken/archief/1.04.21/invnr/1412/file/NL-HaNA_1.04.21_1412_56","","","","1819","NL-HaNA_1.04.21_1412_56-AD","mat_263.jpeg",""
"mat_0277","chintzkalamkari_057","chintz/kalamkari","chitzen letter Co","","yellow, black","floral","printed, resist-dyed","plainweave","","","","","From Japanese requests (Eisen) to the VOC","Nationaal Archief, Deshima, ""Japanse Eisen"", 1.04.21, 1413","Scan 4","","","https://www.nationaalarchief.nl/onderzoeken/archief/1.04.21/invnr/1413/file/NL-HaNA_1.04.21_1413_04","","","","1820","NL-HaNA_1.04.21_1413_04-B","mat_277.jpeg",""
"mat_0278","chintzkalamkari_058","chintz/kalamkari","chitzen letter Co","","blue, black","","printed, resist-dyed","plainweave","","","","","From Japanese requests (Eisen) to the VOC","Nationaal Archief, Deshima, ""Japanse Eisen"", 1.04.21, 1413","Scan 4","","","https://www.nationaalarchief.nl/onderzoeken/archief/1.04.21/invnr/1413/file/NL-HaNA_1.04.21_1413_04","","","","1820","NL-HaNA_1.04.21_1413_04-A","mat_278.jpeg",""
"mat_0284","chintzkalamkari_059","chintz/kalamkari","Bengaalse chitsen","","white, yellow, tan, black","floral","printed, resist-dyed","plainweave","","Bengal","","","From Japanese requests (Eisen) to the VOC","Nationaal Archief, Deshima, ""Japanse Eisen"", 1.04.21, 1414A","Scan 17","","","https://www.nationaalarchief.nl/onderzoeken/archief/1.04.21/invnr/1414A/file/NL-HaNA_1.04.21_1414A_17","","","","1821","NL-HaNA_1.04.21_1414A_17-A","mat_284.jpeg",""
"mat_0285","chintzkalamkari_060","chintz/kalamkari","Bengaalse chitsen","","white, yellow, black","floral","printed, resist-dyed","plainweave","","Bengal","","","From Japanese requests (Eisen) to the VOC","Nationaal Archief, Deshima, ""Japanse Eisen"", 1.04.21, 1414A","Scan 17","","","https://www.nationaalarchief.nl/onderzoeken/archief/1.04.21/invnr/1414A/file/NL-HaNA_1.04.21_1414A_17","","","","1821","NL-HaNA_1.04.21_1414A_17-B","mat_285.jpeg",""
"mat_0286","chintzkalamkari_061","chintz/kalamkari","Bengaalse chitsen","","white, yellow, tan, black","geometric","printed, resist-dyed","plainweave","","Bengal","","","From Japanese requests (Eisen) to the VOC","Nationaal Archief, Deshima, ""Japanse Eisen"", 1.04.21, 1414A","Scan 17","","","https://www.nationaalarchief.nl/onderzoeken/archief/1.04.21/invnr/1414A/file/NL-HaNA_1.04.21_1414A_17","","","","1821","NL-HaNA_1.04.21_1414A_17-C","mat_286.jpeg",""
"mat_0287","chintzkalamkari_062","chintz/kalamkari","Bengaalse chitsen","","white, yellow, black","striped","printed, resist-dyed","plainweave","","Bengal","","","From Japanese requests (Eisen) to the VOC","Nationaal Archief, Deshima, ""Japanse Eisen"", 1.04.21, 1414A","Scan 17","","","https://www.nationaalarchief.nl/onderzoeken/archief/1.04.21/invnr/1414A/file/NL-HaNA_1.04.21_1414A_17","","","","1821","NL-HaNA_1.04.21_1414A_17-D","mat_287.jpeg",""
"mat_0288","chintzkalamkari_063","chintz/kalamkari","Bengaalse chitsen","","white, yellow, black","geometric","printed, resist-dyed","plainweave","","Bengal","","","From Japanese requests (Eisen) to the VOC","Nationaal Archief, Deshima, ""Japanse Eisen"", 1.04.21, 1414A","Scan 17","","","https://www.nationaalarchief.nl/onderzoeken/archief/1.04.21/invnr/1414A/file/NL-HaNA_1.04.21_1414A_17","","","","1821","NL-HaNA_1.04.21_1414A_17-E","mat_288.jpeg",""
"mat_0289","chintzkalamkari_064","chintz/kalamkari","Bengaalse chitsen","","white, yellow, black","geometric","printed, resist-dyed","plainweave","","Bengal","","","From Japanese requests (Eisen) to the VOC","Nationaal Archief, Deshima, ""Japanse Eisen"", 1.04.21, 1414A","Scan 17","","","https://www.nationaalarchief.nl/onderzoeken/archief/1.04.21/invnr/1414A/file/NL-HaNA_1.04.21_1414A_17","","","","1821","NL-HaNA_1.04.21_1414A_17-F","mat_289.jpeg",""
"mat_0291","noDTTPdata_10","","","","red, green, blue, yellow, white, black","floral","printed, resist-dyed","plainweave","","","","","From Japanese requests (Eisen) to the VOC","Nationaal Archief, Deshima, ""Japanse Eisen"", 1.04.21, 1414B","Scan 3","","","https://www.nationaalarchief.nl/onderzoeken/archief/1.04.21/invnr/1414B/file/NL-HaNA_1.04.21_1414B_03","","","","1821","NL-HaNA_1.04.21_1414B_03-A","mat_291.jpeg",""
"mat_0292","noDTTPdata_11","","","","red, green, blue, yellow, white, black","floral","printed, resist-dyed","plainweave","","","","","From Japanese requests (Eisen) to the VOC","Nationaal Archief, Deshima, ""Japanse Eisen"", 1.04.21, 1414B","Scan 3","","","https://www.nationaalarchief.nl/onderzoeken/archief/1.04.21/invnr/1414B/file/NL-HaNA_1.04.21_1414B_03","","","","1821","NL-HaNA_1.04.21_1414B_03-B","mat_292.jpeg",""
"mat_0293","noDTTPdata_12","","","","red, green, blue, yellow, white, black","floral","printed, resist-dyed","plainweave","","","","","From Japanese requests (Eisen) to the VOC","Nationaal Archief, Deshima, ""Japanse Eisen"", 1.04.21, 1414B","Scan 3","","","https://www.nationaalarchief.nl/onderzoeken/archief/1.04.21/invnr/1414B/file/NL-HaNA_1.04.21_1414B_03","","","","1821","NL-HaNA_1.04.21_1414B_03-C","mat_293.jpeg",""
"mat_0294","chintzkalamkari_065","chintz/kalamkari","vaderlandse chits beste Zoort","","red, blue, yellow, green, black, white","floral","printed, resist-dyed","plainweave","","Netherlands","best","","From Japanese requests (Eisen) to the VOC","Nationaal Archief, Deshima, ""Japanse Eisen"", 1.04.21, 1414B","Scan 46","","","https://www.nationaalarchief.nl/onderzoeken/archief/1.04.21/invnr/1414B/file/NL-HaNA_1.04.21_1414B_46","","","","1821","NL-HaNA_1.04.21_1414B_46-A","mat_294.jpeg",""
"mat_0295","chintzkalamkari_066","chintz/kalamkari","vaderlandse chits beste Zoort","","black, yellow, red","floral","printed, resist-dyed","plainweave","","Netherlands","best","","From Japanese requests (Eisen) to the VOC","Nationaal Archief, Deshima, ""Japanse Eisen"", 1.04.21, 1414B","Scan 46","","","https://www.nationaalarchief.nl/onderzoeken/archief/1.04.21/invnr/1414B/file/NL-HaNA_1.04.21_1414B_46","","","","1821","NL-HaNA_1.04.21_1414B_46-B","mat_295.jpeg",""
"mat_0302","chintzkalamkari_067","chintz/kalamkari","nederlandsche beste chits","","purple, white","geometric","printed, resist-dyed","","","Netherlands","best","","From Japanese requests (Eisen) to the VOC","Nationaal Archief, Deshima, ""Japanse Eisen"", 1.04.21, 1422","Scan 18","","","https://www.nationaalarchief.nl/onderzoeken/archief/1.04.21/invnr/1422/file/NL-HaNA_1.04.21_1422_18","","","","1829","NL-HaNA_1.04.21_1422_18-A","mat_302.jpeg",""
"mat_0303","chintzkalamkari_068","chintz/kalamkari","nederlandsche beste chits","","purple, white","geometric","printed, resist-dyed","","","Netherlands","best","","From Japanese requests (Eisen) to the VOC","Nationaal Archief, Deshima, ""Japanse Eisen"", 1.04.21, 1422","Scan 18","","","https://www.nationaalarchief.nl/onderzoeken/archief/1.04.21/invnr/1422/file/NL-HaNA_1.04.21_1422_18","","","","1829","NL-HaNA_1.04.21_1422_18-B","mat_303.jpeg",""
"mat_0309","chintzkalamkari_069","chintz/kalamkari","Bengaalse chits","","purple, yellow, white","floral","printed, resist-dyed","","","Bengal","","","From Japanese requests (Eisen) to the VOC","Nationaal Archief, Deshima, ""Japanse Eisen"", 1.04.21, 1422","Scan 35","","","https://www.nationaalarchief.nl/onderzoeken/archief/1.04.21/invnr/1422/file/NL-HaNA_1.04.21_1422_35","","","","1829","NL-HaNA_1.04.21_1422_35-A","mat_309.jpeg",""
"mat_0310","chintzkalamkari_070","chintz/kalamkari","Bengaalse chits","","purple, yellow, white, tan","geometric","printed, resist-dyed","","","Bengal","","","From Japanese requests (Eisen) to the VOC","Nationaal Archief, Deshima, ""Japanse Eisen"", 1.04.21, 1422","Scan 35","","","https://www.nationaalarchief.nl/onderzoeken/archief/1.04.21/invnr/1422/file/NL-HaNA_1.04.21_1422_35","","","","1829","NL-HaNA_1.04.21_1422_35-B","mat_310.jpeg",""
"mat_0311","chintzkalamkari_071","chintz/kalamkari","Bengaalse chits","","purple, yellow, black, red","floral","printed, resist-dyed","","","Bengal","","","From Japanese requests (Eisen) to the VOC","Nationaal Archief, Deshima, ""Japanse Eisen"", 1.04.21, 1422","Scan 35","","","https://www.nationaalarchief.nl/onderzoeken/archief/1.04.21/invnr/1422/file/NL-HaNA_1.04.21_1422_35","","","","1829","NL-HaNA_1.04.21_1422_35-C","mat_311.jpeg",""
"mat_0312","chintzkalamkari_072","chintz/kalamkari","Chitsen Letter J (?)","","gold, blue, black, red, white","floral","printed, resist-dyed","","","","","","From Japanese requests (Eisen) to the VOC","Nationaal Archief, Deshima, ""Japanse Eisen"", 1.04.21, 1422","Scan 35","","","https://www.nationaalarchief.nl/onderzoeken/archief/1.04.21/invnr/1422/file/NL-HaNA_1.04.21_1422_35","","","","1829","NL-HaNA_1.04.21_1422_35-D","mat_312.jpeg","letter unclear"
"mat_0313","chintzkalamkari_073","chintz/kalamkari","Chitsen Letter J (?)","","red, green, white","floral","printed, resist-dyed","","","","","","From Japanese requests (Eisen) to the VOC","Nationaal Archief, Deshima, ""Japanse Eisen"", 1.04.21, 1422","Scan 35","","","https://www.nationaalarchief.nl/onderzoeken/archief/1.04.21/invnr/1422/file/NL-HaNA_1.04.21_1422_35","","","","1829","NL-HaNA_1.04.21_1422_35-E","mat_313.jpeg","letter unclear"
"mat_0166","velvet_01","fluweel","","velvet","red","floral","","velvet","silk","India","","","","Victoria and Albert Museum","Acc. nr. 281:1 to 3-1893","281:1 to 3-1893","http://collections.vam.ac.uk/item/O147464/textile-unknown/","","","","India","late 17th century","VA281.1 to 3.1893.jpg","mat_166.jpg",""
"mat_0090","platillas_01","platillas","platillies","","white","plain","","plainweave","cotton","","","","Sample book from Danish Guinea, with swatches and notes","Denmark Rigsarkivet, Vestindisk-Guineisk Kompagni, Direktionen, Breve og dokumenter fra Guinea, 1722-1731","Scan 83, sample 1","83-1","scanned image","https://www.sa.dk/ao-soegesider/da/billedviser?epid=20202279#292914,59112927","","","","1727","Denmark-Guinea-83-1 platillios-mk.jpeg","mat_090.jpeg",""
"mat_0110","silkstuffs_02","silk stuffs","citroen","","yellow","plain","","","silk","","","","VOC silk order sent to Canton, China, with European and Chinese swatches indicating the desired colors and types.","Nationaal Archief, Kanton 1.04.20, 173, Letters from Patria, 1792","Folio 10, sample 1","f10,sw1","mk photo","","","","","1789","NA_Kanton_167f10sw1.jpeg","mat_110.jpeg",""
"mat_0111","silkstuffs_03","silk stuffs","bleumorant","","blue","plain","","","silk","","","","VOC silk order sent to Canton, China, with European and Chinese swatches indicating the desired colors and types.","Nationaal Archief, Kanton 1.04.20, 173, Letters from Patria, 1792","Folio 12, sample 1","f12,sw1","mk photo","","","","","1789","NA_Kanton_167f12sw1.jpeg","mat_111.jpeg",""
"mat_0112","silkstuffs_04","silk stuffs","carmosijn","","red (carmine)","plain","","","silk","","","","VOC silk order sent to Canton, China, with European and Chinese swatches indicating the desired colors and types.","Nationaal Archief, Kanton 1.04.20, 173, Letters from Patria, 1792","Folio 12, sample 10","f12,sw10","mk photo","","","","","1789","NA_Kanton_167f12sw10.jpeg","mat_112.jpeg",""
"mat_0113","silkstuffs_05","silk stuffs","perle","","blue (light blue)","plain","","","silk","","","","VOC silk order sent to Canton, China, with European and Chinese swatches indicating the desired colors and types.","Nationaal Archief, Kanton 1.04.20, 173, Letters from Patria, 1792","Folio 12, sample 11","f12,sw11","mk photo","","","","","1789","NA_Kanton_167f12sw11.jpeg","mat_113.jpeg",""
"mat_0114","silkstuffs_06","silk stuffs","poncon","","red","plain","","","silk","","","","VOC silk order sent to Canton, China, with European and Chinese swatches indicating the desired colors and types.","Nationaal Archief, Kanton 1.04.20, 173, Letters from Patria, 1792","Folio 12, sample 12","f12,sw12","mk photo","","","","","1789","NA_Kanton_167f12sw12.jpeg","mat_114.jpeg",""
"mat_0115","silkstuffs_07","silk stuffs","rose","","pink","plain","","","silk","","","","VOC silk order sent to Canton, China, with European and Chinese swatches indicating the desired colors and types.","Nationaal Archief, Kanton 1.04.20, 173, Letters from Patria, 1792","Folio 12, sample 13","f12,sw13","mk photo","","","","","1789","NA_Kanton_167f12sw13.jpeg","mat_115.jpeg",""
"mat_0116","silkstuffs_08","silk stuffs","witte","","white","plain","","","silk","","","","VOC silk order sent to Canton, China, with European and Chinese swatches indicating the desired colors and types.","Nationaal Archief, Kanton 1.04.20, 173, Letters from Patria, 1792","Folio 12, sample 2","f12,sw2","mk photo","","","","","1789","NA_Kanton_167f12sw2.jpeg","mat_116.jpeg",""
"mat_0117","silkstuffs_09","silk stuffs","bruijn","","brown","plain","","","silk","","","","VOC silk order sent to Canton, China, with European and Chinese swatches indicating the desired colors and types.","Nationaal Archief, Kanton 1.04.20, 173, Letters from Patria, 1792","Folio 12, sample 3","f12,sw3","mk photo","","","","","1789","NA_Kanton_167f12sw3.jpeg","mat_117.jpeg",""
"mat_0118","silkstuffs_10","silk stuffs","bruijn","","brown","plain","","","silk","","","","VOC silk order sent to Canton, China, with European and Chinese swatches indicating the desired colors and types.","Nationaal Archief, Kanton 1.04.20, 173, Letters from Patria, 1792","Folio 12, sample 4","f12,sw4","mk photo","","","","","1789","NA_Kanton_167f12sw4.jpeg","mat_118.jpeg",""
"mat_0119","silkstuffs_11","silk stuffs","grijs","","grey","plain","","","silk","","","","VOC silk order sent to Canton, China, with European and Chinese swatches indicating the desired colors and types.","Nationaal Archief, Kanton 1.04.20, 173, Letters from Patria, 1792","Folio 12, sample 5","f12,sw5","mk photo","","","","","1789","NA_Kanton_167f12sw5.jpeg","mat_119.jpeg",""
"mat_0120","silkstuffs_12","silk stuffs","loot couleur","","brown","plain","","","silk","","","","VOC silk order sent to Canton, China, with European and Chinese swatches indicating the desired colors and types.","Nationaal Archief, Kanton 1.04.20, 173, Letters from Patria, 1792","Folio 12, sample 6","f12,sw6","mk photo","","","","","1789","NA_Kanton_167f12sw6.jpeg","mat_120.jpeg",""
"mat_0121","silkstuffs_13","silk stuffs","donkerblauw","","blue (dark blue)","plain","","","silk","","","","VOC silk order sent to Canton, China, with European and Chinese swatches indicating the desired colors and types.","Nationaal Archief, Kanton 1.04.20, 173, Letters from Patria, 1792","Folio 12, sample 7","f12,sw7","mk photo","","","","","1789","NA_Kanton_167f12sw7.jpeg","mat_121.jpeg",""
"mat_0122","silkstuffs_14","silk stuffs","citroen","","yellow","plain","","","silk","","","","VOC silk order sent to Canton, China, with European and Chinese swatches indicating the desired colors and types.","Nationaal Archief, Kanton 1.04.20, 173, Letters from Patria, 1792","Folio 12, sample 8","f12,sw8","mk photo","","","","","1789","NA_Kanton_167f12sw8.jpeg","mat_122.jpeg",""
"mat_0123","silkstuffs_15","silk stuffs","celadon","","green","plain","","","silk","","","","VOC silk order sent to Canton, China, with European and Chinese swatches indicating the desired colors and types.","Nationaal Archief, Kanton 1.04.20, 173, Letters from Patria, 1792","Folio 12, sample 9","f12,sw9","mk photo","","","","","1789","NA_Kanton_167f12sw9.jpeg","mat_123.jpeg",""
"mat_0131","silkstuffs_16","silk stuffs","puce","","brown","plain","","","silk","","","","VOC silk order sent to Canton, China, with European and Chinese swatches indicating the desired colors and types.","Nationaal Archief, Kanton 1.04.20, 173, Letters from Patria, 1792","Folio 14, sample 1","f14,sw1","mk photo","","","","","1789","NA_Kanton_167f14sw1.jpeg","mat_131.jpeg",""
"mat_0132","silkstuffs_17","silk stuffs","maron","","brown","plain","","","silk","","","","VOC silk order sent to Canton, China, with European and Chinese swatches indicating the desired colors and types.","Nationaal Archief, Kanton 1.04.20, 173, Letters from Patria, 1792","Folio 14, sample 2","f14,sw2","mk photo","","","","","1789","NA_Kanton_167f14sw2.jpeg","mat_132.jpeg",""
"mat_0133","silkstuffs_18","silk stuffs","pailee","","white","plain","","","silk","","","","VOC silk order sent to Canton, China, with European and Chinese swatches indicating the desired colors and types.","Nationaal Archief, Kanton 1.04.20, 173, Letters from Patria, 1792","Folio 14, sample 3","f14,sw3","mk photo","","","","","1789","NA_Kanton_167f14sw3.jpeg","mat_133.jpeg",""
"mat_0134","silkstuffs_19","silk stuffs","paars","","purple","plain","","","silk","","","","VOC silk order sent to Canton, China, with European and Chinese swatches indicating the desired colors and types.","Nationaal Archief, Kanton 1.04.20, 173, Letters from Patria, 1792","Folio 16, sample 1","f16,sw1","mk photo","","","","","1789","NA_Kanton_167f16sw1.jpeg","mat_134.jpeg",""
"mat_0135","silkstuffs_20","silk stuffs","pruime","","purple","plain","","","silk","","","","VOC silk order sent to Canton, China, with European and Chinese swatches indicating the desired colors and types.","Nationaal Archief, Kanton 1.04.20, 173, Letters from Patria, 1792","Folio 16, sample 2","f16,sw2","mk photo","","","","","1789","NA_Kanton_167f16sw2.jpeg","mat_135.jpeg",""
"mat_0136","silkstuffs_21","silk stuffs","lila","","purple","plain","","","silk","","","","VOC silk order sent to Canton, China, with European and Chinese swatches indicating the desired colors and types.","Nationaal Archief, Kanton 1.04.20, 173, Letters from Patria, 1792","Folio 16, sample 3","f16,sw3","mk photo","","","","","1789","NA_Kanton_167f16sw3.jpeg","mat_136.jpeg",""
"mat_0124","silkstuffs_22","silk stuffs","hemel blauw","","blue (light blue)","plain","","","silk","","","","VOC silk order sent to Canton, China, with European and Chinese swatches indicating the desired colors and types.","Nationaal Archief, Kanton 1.04.20, 173, Letters from Patria, 1792","Folio 3, sample 2","f3,sw2","mk photo","","","","","1789","NA_Kanton_167f3sw2.jpeg","mat_124.jpeg",""
"mat_0125","silkstuffs_23","silk stuffs","papegaaij groen","","green","plain","","","silk","","","","VOC silk order sent to Canton, China, with European and Chinese swatches indicating the desired colors and types.","Nationaal Archief, Kanton 1.04.20, 173, Letters from Patria, 1792","Folio 6, sample 10","f6,sw10","mk photo","","","","","1789","NA_Kanton_167f6sw10.jpeg","mat_125.jpeg",""
"mat_0126","silkstuffs_24","silk stuffs","ligt rose","","pink","plain","","","silk","","","","VOC silk order sent to Canton, China, with European and Chinese swatches indicating the desired colors and types.","Nationaal Archief, Kanton 1.04.20, 173, Letters from Patria, 1792","Folio 6, sample 11","f6,sw11","mk photo","","","","","1789","NA_Kanton_167f6sw11.jpeg","mat_126.jpeg",""
"mat_0127","silkstuffs_25","silk stuffs","bleek bleumorant","","blue (light blue)","plain","","","silk","","","","VOC silk order sent to Canton, China, with European and Chinese swatches indicating the desired colors and types.","Nationaal Archief, Kanton 1.04.20, 173, Letters from Patria, 1792","Folio 6, sample 3","f6,sw3","mk photo","","","","","1789","NA_Kanton_167f6sw3.jpeg","mat_127.jpeg",""
"mat_0128","silkstuffs_26","silk stuffs","jucorneat","","pink","plain","","","silk","","","","VOC silk order sent to Canton, China, with European and Chinese swatches indicating the desired colors and types.","Nationaal Archief, Kanton 1.04.20, 173, Letters from Patria, 1792","Folio 6, sample 8","f6,sw8","mk photo","","","","","1789","NA_Kanton_167f6sw8.jpeg","mat_128.jpeg",""
"mat_0129","silkstuffs_27","silk stuffs","grijze","","grey","plain","","","silk","","","","VOC silk order sent to Canton, China, with European and Chinese swatches indicating the desired colors and types.","Nationaal Archief, Kanton 1.04.20, 173, Letters from Patria, 1792","Folio 6, sample 9","f6,sw9","mk photo","","","","","1789","NA_Kanton_167f6sw9.jpeg","mat_129.jpeg",""
"mat_0130","silkstuffs_28","silk stuffs","melk wit","","white","plain","","","silk","","","","VOC silk order sent to Canton, China, with European and Chinese swatches indicating the desired colors and types.","Nationaal Archief, Kanton 1.04.20, 173, Letters from Patria, 1792","Folio 8, sample 1","f8,sw1","mk photo","","","","","1789","NA_Kanton_167f8sw1.jpeg","mat_130.jpeg",""
"mat_0022","baftas_01","baftas","baftas","","white","plain","","plainweave","cotton","","","","Auction catalogue, with swatches, Indian textiles sold by Englishman Charles Barrington, trader with the Swedish East India Company, via a chartered Danish ship","Denmark Rigsarkivet, Vestindisk-Guineisk Kompagni, 1737-38, arkiv nr. 446","Scan folder I, pg 11, sample 1","I-11-1","scanned image","https://www.sa.dk/ao-soegesider/da/billedviser?epid=20202401#293002,59148112","","","","1737","DkBarr-I-11-1 baftas1-mk.jpeg","mat_022.jpeg","one doubled thread"
"mat_0023","baftas_02","baftas","baftas","","white","plain","","plainweave","cotton","","","","Auction catalogue, with swatches, Indian textiles sold by Englishman Charles Barrington, trader with the Swedish East India Company, via a chartered Danish ship","Denmark Rigsarkivet, Vestindisk-Guineisk Kompagni, 1737-38, arkiv nr. 446","Scan folder I, pg 11, sample 2","I-11-2","scanned image","https://www.sa.dk/ao-soegesider/da/billedviser?epid=20202401#293002,59148112","","","","1737","DkBarr-I-11-2 baftas2-mk.jpeg","mat_023.jpeg",""
"mat_0024","dimity_01","dimity","damitys","","white","plain","","twill","","","","","Auction catalogue, with swatches, Indian textiles sold by Englishman Charles Barrington, trader with the Swedish East India Company, via a chartered Danish ship","Denmark Rigsarkivet, Vestindisk-Guineisk Kompagni, 1737-38, arkiv nr. 446","Scan folder I, pg 13","I-13","scanned image","https://www.sa.dk/ao-soegesider/da/billedviser?epid=20202401#293002,59148114","","","","1737","DkBarr-I-13 dimitys-mk.jpeg","mat_024.jpeg",""
"mat_0025","sanen_01","sanen","sanoes","","white","plain","","plainweave with doubled threads","cotton","","","","Auction catalogue, with swatches, Indian textiles sold by Englishman Charles Barrington, trader with the Swedish East India Company, via a chartered Danish ship","Denmark Rigsarkivet, Vestindisk-Guineisk Kompagni, 1737-38, arkiv nr. 446","Scan folder I, pg 15, sample 1","I-15-1","scanned image","https://www.sa.dk/ao-soegesider/da/billedviser?epid=20202401#293002,59148116","","","","1737","DkBarr-I-15-1 sannoes1-mk.jpeg","mat_025.jpeg","row of doubled threads, possible selvege"
"mat_0026","sanen_02","sanen","sanoes","","white","plain","","plainweave","","","very fine","","Auction catalogue, with swatches, Indian textiles sold by Englishman Charles Barrington, trader with the Swedish East India Company, via a chartered Danish ship","Denmark Rigsarkivet, Vestindisk-Guineisk Kompagni, 1737-38, arkiv nr. 446","Scan folder I, pg 15, sample 2","I-15-2","scanned image","https://www.sa.dk/ao-soegesider/da/billedviser?epid=20202401#293002,59148116","","","","1737","DkBarr-I-15-2 sannoes2-mk.jpeg","mat_026.jpeg",""
"mat_0029","baftas_03","baftas","Dacca baftas","","white","plain","","plainweave with doubled threads","cotton","","very fine","","Auction catalogue, with swatches, Indian textiles sold by Englishman Charles Barrington, trader with the Swedish East India Company, via a chartered Danish ship","Denmark Rigsarkivet, Vestindisk-Guineisk Kompagni, 1737-38, arkiv nr. 446","Scan folder I, pg 17, sample 2","I-17-2","scanned image","https://www.sa.dk/ao-soegesider/da/billedviser?epid=20202401#293002,59148118","","","","1737","DkBarr-I-17-2 baftas-mk.jpeg","mat_029.jpeg","two narrow stripes of doubled threads"
"mat_0032","hammans_05","humhums","humhums","","white","plain","","plainweave","cotton","","","","Auction catalogue, with swatches, Indian textiles sold by Englishman Charles Barrington, trader with the Swedish East India Company, via a chartered Danish ship","Denmark Rigsarkivet, Vestindisk-Guineisk Kompagni, 1737-38, arkiv nr. 446","Scan folder I, pg 23","I-23","scanned image","https://www.sa.dk/ao-soegesider/da/billedviser?epid=20202401#293002,59148124","","","","1737","DkBarr-I-23 humhums-mk.jpeg","mat_032.jpeg",""
"mat_0164","sailcloth_01","sail cloth","","tarred sailcloth","natural","plain","","plainweave","","","","","","Rijksmuseum","Obj. nr. NG-NM-7816","NG-NM-7816","mk photo","http://hdl.handle.net/10934/RM0001.COLLECT.372178","","","","1590-1596","RijksNG-NM-7816(mk).jpeg","mat_164.jpeg",""
"mat_0151","platillas_02","platillas","platieljes","","white","plain","","plainweave","","","","","Swatchbook carried on the ship De Vrouwe Maria Geertruida, travelling from the Dutch Republic to the west coast of Africa","Nationaal Archief, West India Company Archive, nr. 179, Documents from the 1788 journey of the Vrouwe Maria Geertruida","No. 22","no.22","scanned image","https://www.nationaalarchief.nl/en/research/archive/1.05.01.02/invnr/179/file/NL-HaNA_1.05.01.02_179_0005","","","","1788","NL-HaNA_1.05.01.02_179_0005-no.22.jpeg","mat_151.jpeg",""
"mat_0107","scharlaken_01","scharlaken","","schaarlaken","red (scarlet)","plain","","","wool","Leiden","","","","Museum de Lakenhal","Museum display","","mk photo","","","","","19th century","Lakenhal19thcScharlakenIMG_7402.jpeg","mat_107.jpeg",""
"mat_0172","lijnwaad_01","lijnwaad","linnen","","natural","plain","","plainweave","linen","","","","From a letter carried on the ship Eendracht, 1740","Zeeuws Archief, Middelburgsche Commercie Compagnie (MCC), 347.2, 5th-8th journey of Eendracht, 1734-1741","Scan 138","","mk photo","https://hdl.handle.net/21.12113/A8064E26DD6D4DD1977F7F9BC2807850","","","","1741","MCC,347.2,138.jpeg","mat_172.jpeg",""
"mat_0203","hammans_02","hammans","hamans fijn","","white","plain","","plainweave","","","fine","","From Japanese requests (Eisen) to the VOC","Nationaal Archief, Deshima, ""Japanse Eisen"", 1.04.21, 1409","Scan 25","","","https://www.nationaalarchief.nl/onderzoeken/archief/1.04.21/invnr/1409/file/NL-HaNA_1.04.21_1409_25","","","","1813","NL-HaNA_1.04.21_1409_25-A.jpeg","mat_203.jpeg",""
"mat_0204","hammans_03","hammans","hamans fijn","","white","plain","","plainweave","","","fine","","From Japanese requests (Eisen) to the VOC","Nationaal Archief, Deshima, ""Japanse Eisen"", 1.04.21, 1409","Scan 25","","","https://www.nationaalarchief.nl/onderzoeken/archief/1.04.21/invnr/1409/file/NL-HaNA_1.04.21_1409_25","","","","1813","NL-HaNA_1.04.21_1409_25-B","mat_204.jpeg",""
"mat_0205","hammans_04","hammans","hamans gemeene","","white","plain","","plainweave","","","ordinary","","From Japanese requests (Eisen) to the VOC","Nationaal Archief, Deshima, ""Japanse Eisen"", 1.04.21, 1409","Scan 25","","","https://www.nationaalarchief.nl/onderzoeken/archief/1.04.21/invnr/1409/file/NL-HaNA_1.04.21_1409_25","","","","1813","NL-HaNA_1.04.21_1409_25-C","mat_205.jpeg",""
"mat_0268","taffachelas_20","taffachelas","taffacelas geblokte 1 zoort van dit jaar","","red, white, blue","checkered","","","","","","","From Japanese requests (Eisen) to the VOC","Nationaal Archief, Deshima, ""Japanse Eisen"", 1.04.21, 1412","Scan 57","","","https://www.nationaalarchief.nl/onderzoeken/archief/1.04.21/invnr/1412/file/NL-HaNA_1.04.21_1412_57","","","","1819","NL-HaNA_1.04.21_1412_57-D","mat_268.jpeg",""
"mat_0276","taffachelas_26","taffachelas","taffachelassen extra fijn geblokte 2de Zoort","","blue, white, yellow, tan","checkered","","","","","extra fine","","From Japanese requests (Eisen) to the VOC","Nationaal Archief, Deshima, ""Japanse Eisen"", 1.04.21, 1413","Scan 3","","","https://www.nationaalarchief.nl/onderzoeken/archief/1.04.21/invnr/1413/file/NL-HaNA_1.04.21_1413_03","","","","1820","NL-HaNA_1.04.21_1413_03-D","mat_276.jpeg",""
"mat_0279","stoffen_01","stoffen","goude stoffen","","white, gold, black","geometric","","complex weave","","","","","From Japanese requests (Eisen) to the VOC","Nationaal Archief, Deshima, ""Japanse Eisen"", 1.04.21, 1414A","Scan 2","","","https://www.nationaalarchief.nl/onderzoeken/archief/1.04.21/invnr/1414A/file/NL-HaNA_1.04.21_1414A_02","","","","1821","NL-HaNA_1.04.21_1414A_02-A","mat_279.jpeg",""
"mat_0280","stoffen_02","stoffen","goude stoffen","","white, gold, black","geometric","","complex weave","","","","","From Japanese requests (Eisen) to the VOC","Nationaal Archief, Deshima, ""Japanse Eisen"", 1.04.21, 1414A","Scan 2","","","https://www.nationaalarchief.nl/onderzoeken/archief/1.04.21/invnr/1414A/file/NL-HaNA_1.04.21_1414A_02","","","","1821","NL-HaNA_1.04.21_1414A_02-B","mat_280.jpeg",""
"mat_0281","stoffen_03","stoffen","goude stoffen","","gold, black","plain","","complex weave","","","","","From Japanese requests (Eisen) to the VOC","Nationaal Archief, Deshima, ""Japanse Eisen"", 1.04.21, 1414A","Scan 2","","","https://www.nationaalarchief.nl/onderzoeken/archief/1.04.21/invnr/1414A/file/NL-HaNA_1.04.21_1414A_02","","","","1821","NL-HaNA_1.04.21_1414A_02-C","mat_281.jpeg",""
"mat_0282","stoffen_04","stoffen","goude stoffen","","gold, purple","geometric","","complex weave","","","","","From Japanese requests (Eisen) to the VOC","Nationaal Archief, Deshima, ""Japanse Eisen"", 1.04.21, 1414A","Scan 2","","","https://www.nationaalarchief.nl/onderzoeken/archief/1.04.21/invnr/1414A/file/NL-HaNA_1.04.21_1414A_02","","","","1821","NL-HaNA_1.04.21_1414A_02-D","mat_282.jpeg",""
"mat_0297","noDTTPdata_13","","","","blue, white","","","plainweave","","","","","From Japanese requests (Eisen) to the VOC","Nationaal Archief, Deshima, ""Japanse Eisen"", 1.04.21, 1416A","Scan 5","","","https://www.nationaalarchief.nl/onderzoeken/archief/1.04.21/invnr/1416B/file/NL-HaNA_1.04.21_1416B_05","","","","1823","NL-HaNA_1.04.21_1416B_05-A","mat_297.jpeg","it's possible these are 'vaderlandse chits' - are they printed to look like woven patterns?"
"mat_0298","noDTTPdata_14","","","","black, white","","","plainweave","","","","","From Japanese requests (Eisen) to the VOC","Nationaal Archief, Deshima, ""Japanse Eisen"", 1.04.21, 1416A","Scan 5","","","https://www.nationaalarchief.nl/onderzoeken/archief/1.04.21/invnr/1416B/file/NL-HaNA_1.04.21_1416B_05","","","","1823","NL-HaNA_1.04.21_1416B_05-B.jpeg","mat_298.jpeg","it's possible these are 'vaderlandse chits' - are they printed to look like woven patterns?"
"mat_0299","noDTTPdata_15","","","","red, yellow","","","plainweave","","","","","From Japanese requests (Eisen) to the VOC","Nationaal Archief, Deshima, ""Japanse Eisen"", 1.04.21, 1416A","Scan 5","","","https://www.nationaalarchief.nl/onderzoeken/archief/1.04.21/invnr/1416B/file/NL-HaNA_1.04.21_1416B_05","","","","1823","NL-HaNA_1.04.21_1416B_05-C","mat_299.jpeg","it's possible these are 'vaderlandse chits' - are they printed to look like woven patterns?"
